"Sample"	"3prime_overlapping_ncRNA"	"antisense"	"bidirectional_promoter_lncRNA"	"IG_C_gene"	"IG_C_pseudogene"	"IG_J_gene"	"IG_pseudogene"	"IG_V_gene"	"IG_V_pseudogene"	"lincRNA"	"macro_lncRNA"	"miRNA"	"misc_RNA"	"Mt_rRNA"	"Mt_tRNA"	"piRNA"	"polymorphic_pseudogene"	"processed_pseudogene"	"processed_transcript"	"protein_coding"	"pseudogene"	"ribozyme"	"rRNA"	"scaRNA"	"sense_intronic"	"sense_overlapping"	"snoRNA"	"snRNA"	"sRNA"	"TEC"	"TR_C_gene"	"TR_J_gene"	"TR_J_pseudogene"	"TR_V_gene"	"TR_V_pseudogene"	"transcribed_processed_pseudogene"	"transcribed_unitary_pseudogene"	"transcribed_unprocessed_pseudogene"	"translated_unprocessed_pseudogene"	"tRNA"	"unassigned"	"unitary_pseudogene"	"unprocessed_pseudogene"
"Li M1 10'"	0	0.015655920976481	0.00125121797549075	0.000179386089676093	0	0	0	0	4.48465224190232e-06	0.396201086963102	0	29.7819432025072	0.165689961729323	0.142620910596978	1.09012478230937	31.6351898642554	0.00025114052554653	0.0112161152569977	0.0619913479398158	4.11807676764923	0.0083145452564869	0.0414426713674194	2.41325415649903	0.178170748918537	1.3453956725707e-05	0.000210778655369409	21.0877766183955	0.809587361317175	0.000318410309175065	0.00476270068090026	1.79386089676093e-05	0	0	0	0	0.00245758942856247	0.00050228105109306	0.00272666856307661	1.79386089676093e-05	6.14738190711003	1.87568786156668	0.00178937624451903	0.00517080403491338
"Li M10 1h B"	0	0.0291071830148024	0.00227939812193544	0.000106327609186493	0	0	0	6.6454755741558e-06	0	0.38115789703128	0	29.4176795700537	0.188472332758633	0.583093963303152	0.516233833551571	27.4192521553935	0.000956948482678435	0.0478341331827734	0.0621617785206533	6.6940473551273	0.00431291364762711	0.0363906242440772	4.65368698959425	0.138511647392129	0	0.00053828352150662	21.8944828730145	1.3803317315079	0.000199364267224674	0.0122941298121882	6.6454755741558e-05	0	0	6.6454755741558e-06	0	0.00345564729856101	0.000544928997080775	0.00805431639587683	1.32909511483116e-05	3.45642481920319	3.04639897627778	0.00605402824805593	0.0158428137687874
"Li M11 30' K"	0	0.0286363693819262	0.00307104365457399	0	0	0	0	0	0	0.379910354010329	0	45.9234432434636	0.155688560923186	0.137636165179777	0.17313564951149	14.8729665017679	0.000560799276052643	0.0205448369703095	0.0490298795634596	6.72013783912111	0.00536765021364672	0.0459766390605063	3.31545422159903	0.160789163862522	0	0.000801141822932346	22.7633143984947	0.70389210720417	1.78031516207188e-05	0.0118568989793987	0.00014242521296575	0	0	0	0	0.00283070110769429	0.00153107103938182	0.00409472487276533	0	1.3784446205374	3.13189482681361	0.00169129940396829	0.00713906379990824
"Li M12 30' B"	0	0.024150011687891	0.0022418629838856	0.000127620283712653	0	0	0	8.50801891417685e-06	8.50801891417685e-06	0.460649668070277	0	29.4497927978344	0.150859937376727	0.295883373778328	0.312831347455369	29.5615328642437	0.000735943636076297	0.0260472999057524	0.0733008369550906	5.82293493896666	0.00703187763256717	0.0447691955263986	3.00604473473805	0.230244007855454	4.25400945708842e-06	0.000361590803852516	24.5580690370433	0.99865424410825	0.00162928562206487	0.00915888236111138	4.25400945708842e-05	0	0	8.50801891417685e-06	4.25400945708842e-06	0.00234395921085572	0.000557275238878584	0.00481979271488118	1.27620283712653e-05	2.51483000871859	2.42738459031868	0.00346276369806998	0.00946091703256466
"Li M13 2h K"	0	0.0282447304426856	0.00266992217983198	1.34392056031811e-05	0	0	0	8.95947040212074e-06	0	0.548933312332335	0	40.258856122911	0.166413203248991	0.132371695456133	0.192252315888707	17.9871447726776	0.000703318426566478	0.0144829839050282	0.0545586950137143	6.04179646699412	0.00538016197647351	0.0440985133192383	2.07842690335437	0.193479763333797	0	0.000577885840936788	27.1275203214228	0.722330422759779	0.000147831261634992	0.0101824381120102	4.47973520106037e-05	0	0	1.34392056031811e-05	0	0.00210099580929731	0.000783953660185565	0.00406311982736176	3.13581464074226e-05	2.10048511948439	2.27252934988112	0.00161718440758279	0.00773650269223126
"Li M14 2h B"	0	0.0169251401534588	0.00130565366898111	4.35217889660369e-05	0	0	0	0	4.83575432955966e-06	0.445440674313058	0	35.3752354347442	0.221085852193138	0.315716728668291	0.623275539782615	14.7580210294383	0.000406203363683011	0.0138689434171771	0.0759793720260413	5.49274958428229	0.00546923814673197	0.0369741776038131	2.64040407176317	0.21316005084699	0	0.000246623470807542	31.3223220305797	1.53030830786946	0.000304652522762258	0.00723912423135081	2.90145259773579e-05	0	0	9.67150865911931e-06	0	0.00154260563112953	0.000449725152649048	0.00318192634885025	0	4.60585289722373	2.27967130604101	0.00301267494731567	0.00976338799138094
"Li M15 10' K"	0	0.0251980559497711	0.0023792816771518	0.000119349080892728	0	0	0	1.1549911054135e-05	7.69994070275665e-06	0.598670389639329	0	37.1852812861488	0.262132931314296	0.155546502136387	0.305179449813057	12.7804154780204	0.000635245107977424	0.0135210958740407	0.0799292344649654	6.35515760893125	0.00902048053327941	0.0501304639452972	1.95850301756826	0.288709276649861	1.1549911054135e-05	0.000558245700949857	34.463556296153	1.00098459141766	0.00183643585760746	0.00787703933892005	4.61996442165399e-05	0	0	2.69497924596483e-05	0	0.00210978375255532	0.000554395730598479	0.00379607076645903	6.92994663248098e-05	2.19345130823148	2.24391286962699	0.00209053390079843	0.00857003400216815
"Li M16 10' B"	0	0.022457638374067	0.00191326447686427	7.80166097362128e-05	0	0	0	3.71507665410537e-06	3.71507665410537e-06	0.443338672517665	3.71507665410537e-06	33.1286499467165	0.169061993298373	0.216176595425738	0.312463952146841	25.0530540809281	0.000494105194996015	0.0250507618786325	0.0822592272752012	6.0438018682749	0.00795769419309371	0.0608938214374412	2.98419847871326	0.251350941186807	0	0.0003455021288318	24.9660098349224	1.14915865587784	0.00282345825712008	0.00971864052713966	5.20110731574752e-05	0	0	4.08658431951591e-05	0	0.00172008049085079	0.000679859027701283	0.00340301021516052	2.22904599246322e-05	2.18634490140094	2.8660516109594	0.00235535859870281	0.00806171633940866
"Li M17 2h K"	0	0.0121388934845816	0.00123821135726151	8.29159391023333e-05	0	0	0	5.52772927348888e-06	0	0.697831598943784	0	25.0684015039625	0.257299214493087	0.191264960591989	1.08348468716728	18.174598967387	0.000232164629486533	0.0110167644420633	0.0779022886512788	5.23068568551941	0.0109393762322345	0.042038381124883	2.85062234769185	0.299282318325235	5.52772927348888e-06	9.94991269227999e-05	38.1175074739046	1.21796328493272	0.000414579695511666	0.004726208528833	2.21109170939555e-05	0	0	0	0	0.00116082314743267	0.000210053712392578	0.00199551026772949	1.10554585469778e-05	4.78053505213284	1.85976581996042	0.00145932052820107	0.00505787228524233
"Li M18 1h K"	0	0.0196985122314074	0.00198640459476377	9.28603773974935e-05	0	0	0	8.074815425869e-06	4.0374077129345e-06	0.571030759878891	0	36.7602500092053	0.239313304776479	0.187271119356754	0.520724659775727	13.686319583107	0.000427965217571057	0.0133678569375261	0.0827628207074443	5.517089377871	0.0103922874530934	0.0476817850897564	2.19246984702424	0.293608363700023	4.0374077129345e-06	0.000294730763044218	32.5575064130184	1.12158378783778	0.00159881345432206	0.00714217424418113	2.01870385646725e-05	0	0	3.63366694164105e-05	0	0.00171589827799716	0.00040374077129345	0.00363366694164105	2.01870385646725e-05	3.80342378633909	2.34778488433311	0.00169974864714542	0.00863197769025396
"Li M19 2h B"	0	0.0295822909903021	0.00249338554095286	0.00010297167425764	0	0	0	7.35511958983146e-06	0	0.355833330636456	0	47.1057604414013	0.159789973089088	0.294396016702594	0.248897246919897	19.7784093700693	0.000919389948728932	0.0560239459157462	0.0490439374249962	5.96844418332135	0.00405267089399713	0.0243160253639828	3.67090341168693	0.102147900863579	0	0.000294204783593258	16.3958781321409	0.656223769804763	0.000279494544413595	0.0142395115259137	7.35511958983146e-06	2.94204783593258e-05	0	7.35511958983146e-06	0	0.00279494544413595	0.00035304574031191	0.00617094533586859	0	1.97978489511452	3.07942675963146	0.00350103692475977	0.00988528072873348
"Li M2 30'"	0	0.022234127873466	0.00204879016563431	0.000133992605769333	0	0	0	0	8.64468424318275e-06	0.495712128556828	0	32.7207652447386	0.178750458438411	0.162182921086352	0.389728299735408	23.040534276065	0.000419267185794363	0.0127422645744514	0.0794878716160654	5.20765287961996	0.00996299859026812	0.0539514743617035	2.4050635373486	0.219613880855936	4.32234212159137e-06	0.000328498001240944	28.2332923647339	0.9713340109325	0.0016035889271104	0.00676878776241209	2.16117106079569e-05	0	0	4.32234212159137e-06	0	0.00300402777450601	0.00034578736972731	0.0035572875660697	1.72893684863655e-05	3.74440607885551	2.02589904175836	0.00166410171681268	0.00675582073604732
"Li M20 1h B"	4.29920248074301e-06	0.0259155925539189	0.00236456136440866	9.88816570570893e-05	0	0	0	1.2897607442229e-05	4.29920248074301e-06	0.455943320690239	0	33.7111214521261	0.207672975832291	0.352431422561389	0.273390584952929	20.1340594514355	0.000705069206841854	0.105704491394028	0.0729617653006897	7.73328074548859	0.00703349525849557	0.0481983590116099	2.56479671994926	0.24764696049824	4.29920248074301e-06	0.000451416260478016	28.4190826464927	0.77933792969669	0.00377899898057311	0.0101117242347076	3.86928223266871e-05	0	0	4.29920248074301e-06	0	0.00392517186491837	0.000472912272881731	0.00652189016328715	3.00944173652011e-05	2.13145000749781	2.68242289982239	0.00423901364601261	0.0147806581287945
"Li M21 direkt K"	0	0.0246768153144361	0.00212277175606992	0.000126781161541695	0	0	0	6.50159802777925e-06	9.75239704166887e-06	0.466778979605397	0	35.2691277989217	0.211181656339312	0.163047075340648	0.373035688441862	21.6494372151731	0.000594896219541801	0.0131624852072391	0.0692810285840157	5.37307664850944	0.00831554387752966	0.0510180397239838	2.27008496418335	0.229912760257344	3.25079901388962e-06	0.000396597479694534	27.8343619078133	0.845545826708747	0.00120604643415305	0.00681042393409876	4.55111861944547e-05	0	0	1.30031960555585e-05	3.25079901388962e-06	0.00294197310757011	0.000471365857013995	0.00390095881666755	2.6006392111117e-05	3.16385639426315	1.95562867397178	0.00183670144284764	0.00795470518698791
"Li M22 0h B"	9.88269406852232e-06	0.0200783401158812	0.00167676376029262	0.000177888493233402	0	0	0	0	0	0.443008232778294	3.29423135617411e-06	33.1005190226213	0.177424006612181	0.205553448162552	0.534604335636715	25.8677771300953	0.000504017397494638	0.0138950678603424	0.0732175861223257	5.20111364785227	0.00737578400647382	0.0380450779324547	2.50672229086119	0.196260421506785	1.64711567808705e-05	0.00029648082205567	24.5083763244251	0.901374172139071	0.00120239444500355	0.007454845559022	2.9648082205567e-05	0	0	2.30596194932187e-05	3.29423135617411e-06	0.00449662580117766	0.000336011598329759	0.0030537524671734	2.63538508493929e-05	3.8808977241638	2.29525569741431	0.00207207152303351	0.00711883396069224
"Li M23 0h B"	0	0.0241175721661193	0.00192876177937322	8.04992395397839e-05	0	0	0	0	6.43993916318271e-06	0.409258133820261	6.43993916318271e-06	26.4692447503387	0.18926981200594	0.291832283118788	0.363666584514509	32.8126299056478	0.000753472882092377	0.0493621336857955	0.0770184524220837	6.50430313514914	0.00769572730000334	0.0407229552983859	4.68908714313158	0.184517136903511	3.21996958159136e-06	0.000463675619749155	21.1853905858522	1.24303383730795	0.000953110996151042	0.00959228938356065	6.11794220502358e-05	6.43993916318271e-06	0	9.65990874477407e-06	0	0.00294949213673768	0.000598914342175992	0.00481063455489749	2.89797262343222e-05	2.31250487422895	3.11173996401491	0.00343248757397639	0.00891931574100806
"Li M24 direkt K"	0	0.0166340885400832	0.00141198451462918	0.000168527184004128	0	0	0	9.10957751373667e-06	1.82191550274733e-05	0.36069827644516	0	31.5165465227262	0.147010361916682	0.132152640991778	0.517683625739385	34.1750218572925	0.00035527352303573	0.00966981653083148	0.0482989799778318	3.92809537181082	0.00294694832569381	0.0259531863366358	2.0704111129558	0.126304292227959	0	0.000268732536655232	20.6416877496451	0.715734950465533	0.00010931493016484	0.00508769904142193	2.27739437843417e-05	0	0	4.55478875686834e-06	0	0.00443636424918976	0.000364383100549467	0.0032794479049452	2.27739437843417e-05	3.96613696750819	1.57632129297699	0.00153496381106463	0.00559783538219119
"Li M25 K"	0	0.017606222780007	0.00159205205989425	9.88529056797082e-05	0	0	0	0	0	0.436227467195533	0	28.4977162637535	0.187648828902633	0.143034951734028	0.524872509667684	28.8549758676645	0.000385006053699916	0.0111963922643543	0.0549414044198799	4.73152669416061	0.00334018765507224	0.0299472276364421	2.5079554477238	0.143747733211824	0	0.000223719733906708	26.6390214977495	0.926803221376868	4.68250605851249e-05	0.00555657385610149	4.68250605851249e-05	0	0	2.60139225472916e-05	0	0.00212793886436845	0.000343383777624249	0.00295518160137233	1.04055690189166e-05	4.55114095243318	1.7171686217777	0.00148799636970508	0.00622773305782161
"Li M26 10' K"	0	0.029316009065447	0.00235013261191843	6.06485835333789e-05	0	0	0	0	1.13716094125085e-05	0.414711223664774	0	26.8373469428755	0.327183946016696	0.105600555541025	0.30422087607637	17.3826838438617	0.000549627788271246	0.0236188327497802	0.0762390600379281	7.76240841590069	0.012379892113751	0.0477797122148901	4.64103051040711	0.377419925864688	0	0.00038663472002529	33.0801785645921	1.13543624715662	0.00207342344954739	0.0090101051911776	5.68580470625427e-05	0	3.79053647083618e-06	0.000219851115308498	3.79053647083618e-06	0.00513996745445386	0.000572371007096263	0.00458275859324094	3.79053647083618e-05	3.92150329644004	3.4871874181481	0.00137975527538437	0.00731573538871383
"Li M27 30' K"	0	0.0123146589571226	0.0015525485083765	0.000261540429726507	0	0	0	0	0	0.468780614489796	0	35.7207244580868	0.171726333220426	0.151604414201467	1.01552253579807	26.1907198444024	0.000217022909773059	0.010083218269456	0.0443283204936459	4.15041846746991	0.00428481129551937	0.0281740254405384	2.39349002498713	0.127915528896239	0	0.000178070079813792	22.6435861132716	0.646383260344077	0.00011129379988362	0.00510838541465816	5.564689994181e-06	0	0	5.564689994181e-06	0	0.00163045416829503	0.000328316709656679	0.00217022909773059	5.564689994181e-06	4.55399760929788	1.64788277735681	0.00161932478830667	0.00486910374490838
"Li M28 10' B"	0	0.0299703190495482	0.00547733417112432	0.000413383711028251	0	0	0	0	0	0.298049655651369	0.000723421494299439	54.4567931345233	0.147577984837085	0.187056129240283	0.21743983200086	11.2584020239266	0.000103345927757063	0.0169487321521583	0.0578737195439551	5.25121328119187	0.00175688077187007	0.0468157052739494	1.49407207758385	0.142514034376989	0	0.000103345927757063	22.0525741403686	0.885364563094756	0	0.0107479764867345	0	0	0	0	0	0.00144684298859888	0.000826767422056501	0.00496060453233901	0	1.4150124428497	2.00243069622085	0.00227361041065538	0.0110580142700057
"Li M29 30' B"	0	0.0137566178863351	0.001043191427278	8.63072044150863e-05	0	0	0	0	0	0.606612062475008	0	28.3484455997435	0.227378206275119	0.252339750786822	0.886446286598758	24.3357797548215	0.000258921613245259	0.0263086873980074	0.0739502642351351	5.25995504820595	0.00973019917601386	0.0403504943076271	4.54164645326923	0.209077326451972	0	0.000206386793166511	25.3423919373761	1.03739758712074	0.000664190225281316	0.00658936743273442	3.37723843363381e-05	0	0	1.1257461445446e-05	0	0.00178243139552896	0.000424031047778468	0.00259296861960107	1.1257461445446e-05	5.67382811327348	3.09168917158293	0.002607978568195	0.00660437738132834
"Li M3 10' B"	0	0.014564928802015	0.00175811432936836	0.000112906424821822	0	0	0	0	5.37649642008674e-06	0.473448898256418	0	35.8090092122503	0.209452171037319	0.158853963227883	0.57522059899224	22.0152312917683	0.000290330806684684	0.0143014804774307	0.0692277679050369	4.96785580967805	0.0142638450024901	0.0473938159430646	2.84063962457431	0.197064723285439	0	0.00024731883532399	25.088667834836	0.929558595558057	0.000817227455853185	0.00645179570410409	2.1505985680347e-05	0	0	8.06474463013011e-05	0	0.00293556704536736	0.000333342778045378	0.0029194375561071	1.07529928401735e-05	4.26531439896173	2.28631746716695	0.00213446907877444	0.00549477934132865
"Li M30 1h K"	0	0.0183590226614197	0.000798218376583466	0	0	0	0	0	0	0.371770208893749	0	46.7855745974984	0.272392021009108	0.174809824471779	0.133502023483585	13.6247894699032	0	0.0173612496906904	0.0564739501432802	4.94755705265847	0.00339242810047973	0.0305318529043176	1.57089376511626	0.249044133494041	0	0	28.1525634783164	0.43303346929653	0	0.00259420972389626	0	0	0	0	0	0.00139688215902107	0.00259420972389626	0.00498886485364666	0	1.24023180261656	1.89536953519744	0	0.00997772970729332
"Li M31 1h B"	7.8523383478366e-06	0.0273889561572541	0.00245778190287286	0.000168825274478487	0	0	0	3.9261691739183e-06	7.8523383478366e-06	0.649674991715783	0	27.0086085185307	0.266626148600792	0.307364079949368	0.32679469119109	21.1430491886179	0.000691005774609621	0.0645619258959125	0.0821864993176318	7.47599540167066	0.0103611604499704	0.0463837626206708	4.23183322261536	0.291643698576999	0	0.000451509455000605	30.8598860154565	1.08582919907719	0.00199056777117658	0.012591224540756	5.49663684348562e-05	3.9261691739183e-06	0	2.35570150435098e-05	0	0.00280721095935159	0.000431878609131013	0.00552412002770305	3.9261691739183e-05	2.75809458298587	3.32146452392058	0.00399291404987491	0.011005052194493
"Li M32 2h K"	0	0.0449429922207171	0.0042319704541712	6.67503226209968e-05	0	0	0	1.33500645241994e-05	0	0.400274984629069	6.67503226209968e-06	47.6232713251761	0.163518265324656	0.215109589678424	0.191186274051059	15.9986105252843	0.00120150580717794	0.0345900171822005	0.0584532575192069	7.19027800241115	0.00727578516568865	0.0537807349357371	3.99037433647676	0.0801804875323414	0	0.00063412806489947	16.5791113809901	0.665100214595612	0.000467252258346978	0.017408484139556	3.33751613104984e-05	6.67503226209968e-06	0	2.0025096786299e-05	0	0.00493284884169166	0.000694203355258367	0.00595412877779291	4.00501935725981e-05	2.55321319031765	4.0975553295093	0.00234961135625909	0.0151122730413937
"Li M33 2h B"	0	0.0184759286472729	0.00124263955796947	0.000145479753128133	0	0	0	0	0	0.388158166315	0	36.5318936172031	0.270010421805815	0.446131847936561	0.488908957012612	23.2827312320359	0.000472809197666432	0.0941132769611413	0.0460928351160968	6.28975650993102	0.00629806097917209	0.033557329721556	5.9280574737162	0.116832365074651	0	0.000121233127606777	18.2812161210236	1.0536674203124	0.000175788035029827	0.0108988581718493	0	0	0	0	0	0.00355819229525892	0.000575857356132193	0.00481295516598906	0	3.34394305049584	3.33977869256255	0.00602528644205684	0.0123475940467503
"Li M34 10' K"	0	0.0152331984618069	0.00148872276777466	5.59144701511609e-05	0	0	0	3.49465438444756e-06	0	0.652518372009664	0	27.7943667079933	0.366784945574078	0.186618038783884	0.727052360721161	13.0834443439421	0.000265593733218014	0.0115323594686769	0.0948204574132156	6.16359532559223	0.00549010203796711	0.0538351507924146	2.72675650328097	0.29092298819649	3.49465438444756e-06	0.000199195299913511	40.9488853328062	0.722537267256455	0.00185566147814165	0.006730704344446	1.74732719222378e-05	0	0	3.49465438444756e-06	0	0.00168791806768817	0.000311024240215833	0.0027118518023313	1.04839631533427e-05	3.67183336173905	2.46047432314922	0.00195351180090618	0.00600032157809646
"Li M35 30' K"	0	0.0183388808054439	0.00178632535265857	5.4461138800566e-05	0	0	0	0	3.6307425867044e-06	0.635670412080207	3.6307425867044e-06	28.5682075840767	0.282493557701123	0.188653384805161	0.528737781416589	13.8206576545584	0.000315874605043283	0.0131215037083497	0.082294411470242	5.89193639302062	0.0132267952433641	0.0551800258327335	2.56380893943286	0.317355948018658	0	0.000261413466242717	39.9147465333216	1.086634056547	0.000885901191155874	0.00714530141063426	2.54151981069308e-05	3.6307425867044e-06	0	1.8153712933522e-05	0	0.00134700549966733	0.000297720892109761	0.00267585728640114	7.2614851734088e-06	3.70240981462336	2.29345295419909	0.00165924936212391	0.00658253630969508
"Li M36 10' B"	5.81249293055547e-06	0.0271966544220691	0.00157518558418053	8.71873939583321e-05	0	0	0	1.16249858611109e-05	0	0.406961692532842	0	21.4753013806647	0.197932821764206	0.258336248298538	0.245298826655302	32.7984561088778	0.000557999321333326	0.0466220057959854	0.077695593002735	8.17945630173627	0.00984636302436097	0.0293995892427496	4.40697982751078	0.176612597694928	0	0.000319687111180551	22.3937333886218	1.25613784722234	0.0014356857538472	0.00959642582834709	5.23124363749993e-05	0	0	0.000116249858611109	0	0.00645767964584713	0.000534749349611103	0.0151647940558192	4.06874505138883e-05	3.92444991438779	4.03968839922898	0.00277255912787496	0.0111657989195971
"Li M37 30' B"	0	0.0299043614087943	0.00239206498807588	0.000184551007982115	0	0	0	1.41962313832396e-05	0	0.318847356867562	0	39.562660958646	0.166897994257057	0.4228276536341	0.247901690529822	25.0970205943309	0.000830479535919518	0.0582400392497405	0.0538179131738614	6.73464248139903	0.00490479794290929	0.0196049955402539	4.33455662259163	0.08558198089386	0	0.000269728396281553	16.5261736627824	0.642315587050368	0.000205845355056974	0.0162333905867345	0.000127766082449157	0	0	5.67849255329585e-05	0	0.00393945420884899	0.00036910201596423	0.00744592336050918	5.67849255329585e-05	2.183593330213	3.45778317613137	0.00488350359583443	0.0157152281412463
"Li M38 0h K"	0	0.0218474804013956	0.00214737059966753	0.000117262558343619	0	0	0	0	0	0.352799064596572	0	44.8317113722841	0.151942959973745	0.149744287004802	0.150902254768445	20.6964311286946	0.000615628431304002	0.0179631581562632	0.0433285153079674	5.24801250956972	0.00362048148885925	0.0445451143507824	1.74688231837459	0.135123111761332	0	0.000373774404720287	21.5304830616433	0.568723407966554	0.000205209477101334	0.0109054179259566	5.13023692753335e-05	0	0	0	0	0.00211805496008163	0.000219867296894287	0.00428741228943859	1.46578197929524e-05	1.79589073885232	2.48045489664258	0.00124591468240096	0.00729226534699383
"Li M39 0h B"	3.94924992685989e-06	0.0256938200241505	0.00199437121306425	7.1086498683478e-05	0	0	0	3.94924992685989e-06	0	0.557432677926347	0	31.8834675867682	0.187810529521749	0.289839401382174	0.349382242529441	23.0879627494109	0.000770103735737679	0.0354010763443721	0.0845534409340703	6.66508196431268	0.00582514364211834	0.0305790421836761	4.10408421949236	0.204207815218071	0	0.00037912799297855	25.9945909493302	1.15963010377365	0.000659524737785602	0.0100271455642973	3.5543249341739e-05	3.94924992685989e-06	3.94924992685989e-06	7.89849985371978e-06	0	0.00267759145041101	0.000442315991808308	0.00394530067693303	5.13402490491786e-05	2.36367347222477	2.93739680609941	0.00380312767956608	0.0085066843424562
"Li M4 30' B"	0	0.0247031741878753	0.00241480466780354	7.28604856664863e-05	0	0	0	6.93909387299869e-06	1.38781877459974e-05	0.41754609561995	0	31.8965650340378	0.211854005489587	0.131155813293548	0.311749200885276	21.1792663899749	0.000492675664982907	0.0128581409466666	0.0699738226153188	6.09488371240967	0.0139510482316639	0.0475848362340885	2.59204994260155	0.270978554834472	0	0.000430223820125919	29.6777758899587	0.820416007698508	0.000863917187188337	0.00711951031369666	2.08172816189961e-05	0	0	7.28604856664863e-05	3.46954693649935e-06	0.00427795137270369	0.00079799579539485	0.00416345632379922	2.77563754919948e-05	3.99914205043354	2.19815574844772	0.0016029306846627	0.00700848481172868
"Li M40 2h K"	0	0.0142065719736341	0.00151720671563083	0.000109634984113183	0	0	0	1.06098371722436e-05	0	0.630319816565818	3.53661239074785e-06	26.0507505292717	0.303020486251667	0.184204456372102	0.41019398814089	16.4289827365925	0.00024756286735235	0.0102491027083873	0.0882137228624237	5.37246080956028	0.00625273070684221	0.0463402321559691	2.58976222859771	0.273747945493447	7.07322478149571e-06	0.000201586906272628	40.3804213703906	0.935670930382987	0.00154549961475681	0.0051068682922399	3.53661239074785e-06	0	0	0	0	0.00126610723588773	0.000205123518663376	0.00317234131450083	1.06098371722436e-05	4.30680522736775	1.9469793899669	0.00129793674740446	0.00671249031763943
"Li M41 2h B"	0	0.0244931385812238	0.0022630024143691	4.99859971045384e-05	0	0	0	9.08836310991607e-06	1.36325446648741e-05	0.581082672158704	0	41.1758151568722	0.25556477065084	0.334251818456493	0.349961054091983	6.24994007360574	0.000595287783699503	0.0207714538877132	0.0719253056518758	6.67298974382767	0.00477139063270594	0.0394071424445961	1.95204861474488	0.232084984556372	0	0.000372622887506559	37.0837614899063	0.916852247254553	0.000449873973940846	0.0102653061326502	4.54418155495804e-06	0	0	1.36325446648741e-05	0	0.00144959391603161	0.000336269435066895	0.00388981941104408	1.36325446648741e-05	1.59827499232829	2.3996050560927	0.00328998744578962	0.0133826146793514
"Li M42 2h K gef채llt"	0	0.0143682661324737	0.00151665031398333	0.000118139077089228	0	0	0	6.3858960588772e-06	0	0.673178811890628	3.1929480294386e-06	22.9353064985848	0.397617818105989	0.179606519603951	0.243516567361194	20.4952300709036	0.000194769829795754	0.0174941622532941	0.060190263302947	6.12572826754248	0.00955968640013916	0.045164249876409	5.39425580347839	0.229754961354313	3.1929480294386e-06	0.000178805089648561	34.9364901882782	0.38270675080851	0.000600274229534456	0.00727034266303169	6.3858960588772e-06	0	0	1.5964740147193e-05	0	0.00131868753615814	0.000274593530531719	0.00245218408660884	9.57884408831579e-06	4.62650506390382	3.21230368039305	0.00144640545733568	0.00560681673969418
"Li M43 2h B"	0	0.0175950206044857	0.00142839533786748	1.87330536113768e-05	0	0	4.6832634028442e-06	4.6832634028442e-06	0	0.627430847869246	0	26.2626359129872	0.256338422354677	0.540102035196411	0.507942065409079	14.8264532447335	0.000449593286673043	0.0324924814889331	0.0893847653066844	6.60766316770691	0.019388710487775	0.0584845933747184	3.99816284943233	0.305306624494816	0	0.000215430116530833	38.3799430440238	1.21114811513634	0.00266477687621835	0.00761498629302467	2.80995804170652e-05	0	0	1.87330536113768e-05	0	0.0017374907224552	0.000252896223753587	0.00364826219081563	9.3665268056884e-06	3.30498366665056	2.91438076579974	0.00473009603687264	0.0173374411173292
"Li M44 0h K"	4.76920778164926e-06	0.0224677378593497	0.0019649136060395	0.000138307025667829	0	0	0	4.76920778164926e-06	0	0.441724024736355	0	33.3494103327653	0.236042400737167	0.226322755278166	0.295275961385251	21.5875614864152	0.000376767414750292	0.0143648538383276	0.0680899794986065	6.41358770189189	0.00537012796213707	0.0420453358030199	2.75356888164414	0.246377274000001	0	0.000433997908130083	28.6202734348974	0.407814957408828	0.00171691480139373	0.00799796144982581	2.38460389082463e-05	0	0	9.53841556329852e-06	0	0.00264691031881534	0.000329075336933799	0.0029044475390244	2.38460389082463e-05	2.73697680777179	2.50489284949339	0.00211275904727062	0.00714427325691059
"Li M45 0h K"	0	0.0228246377347446	0.00208256026172103	0.000144776916590232	0	0	0	0	0	0.431145657605711	0	36.45928784012	0.1740998105427	0.181962310782138	0.30491132302492	23.245955267051	0.000651496124656043	0.0106299666834905	0.0548314729870774	5.02644294698091	0.00290110667475042	0.0339780286551383	1.92613437168823	0.144147693837359	0	0.000350805605584023	26.6832933674799	0.719758440828338	5.56834294577815e-05	0.00672098993555423	7.23884582951159e-05	0	0	5.56834294577815e-06	0	0.00237768243784727	0.000456604121553808	0.00477763824747765	3.34100576746689e-05	2.79110962819951	1.75980796789783	0.00150902093830588	0.00753953634858361
"Li M46 0h K ohne Narkose gef채llt"	9.86681769475618e-06	0.0204045789927558	0.00210821004744624	9.2090298484391e-05	0	0	0	6.57787846317079e-06	0	0.667417860387161	0	28.1272352453253	0.245450245913986	0.15809930886231	0.296557072633592	18.0240447769343	0.000509785580895736	0.0116066665482649	0.0799541127198409	6.02201813257977	0.005449772306737	0.0490150613683171	2.61652547250545	0.266565235780765	6.57787846317079e-06	0.000368361193937564	37.719084464564	0.672361136052234	0.00187140642277209	0.00653512225316018	4.27562100106101e-05	6.57787846317079e-06	0	2.30225746210978e-05	3.28893923158539e-06	0.00205887595897246	0.000401250586253418	0.00341720786161722	2.30225746210978e-05	2.95163220187246	2.04159916118894	0.00138464341649745	0.00611084909228566
"Li M47 10' gef채llt"	0	0.0100580067788947	0.00110447454595444	7.84905768698586e-05	0	0	0	0	0	0.791308357183256	0	20.9496339423754	0.315823655445205	0.188326926259673	1.97985752390487	14.0007678621006	0.000123342335081206	0.0138423738779772	0.0719814654594367	6.29365477691408	0.0139376838641763	0.0496957480981733	3.52025752085495	0.320875084713758	0	0.000173800563068973	42.0297752882062	0.904020825568373	0.000633531084735287	0.00626242674025943	5.60646977641847e-06	0	0	5.60646977641847e-06	0	0.00108204866684876	0.000213045851503902	0.00188377384487661	1.12129395528369e-05	5.96559780441673	2.56313221356434	0.00147450155119806	0.0044010787744885
"Li M48 10' K"	6.04656502048229e-06	0.0206701825225187	0.00202559928186157	4.2325955143376e-05	0	0	0	6.04656502048229e-06	6.04656502048229e-06	0.683688130148442	0	32.8102732107148	0.278117804682103	0.166087047982607	0.323016573241694	8.43362795926828	0.000471632071597618	0.00988008724346805	0.0842800465379923	6.08441047094548	0.00574121348694793	0.0725225008556645	1.80077590126999	0.30603781866418	3.02328251024114e-06	0.000305351533534355	43.5798131919783	0.92901238944196	0.00296281686003632	0.00649401083199797	5.13958026740994e-05	3.02328251024114e-06	0	2.1162977571688e-05	0	0.00155094392775371	0.000350700771187973	0.00316840007073272	3.62793901228937e-05	2.31653580438709	2.06760174577635	0.00144512903989527	0.00895798607784451
"Li M49 10' K"	0	0.0207144569023855	0.00199014876362008	5.85337871652965e-05	0	0	0	3.25187706473869e-06	0	0.492324431970244	0	39.4671929504508	0.24746459274955	0.207186843425696	0.231130414253367	12.0280071164078	0.00044875903493394	0.0124351778955608	0.0654375221737367	5.52451964084969	0.00332341836016295	0.0400403622981275	1.48123000298848	0.201018032633887	6.50375412947739e-06	0.00029917268995596	35.2902966915078	0.63499078255446	0.000282913304632266	0.0076809336269128	1.95112623884322e-05	0	0	1.62593853236935e-05	0	0.00165195354888726	0.000308928321150176	0.00404858694559967	3.25187706473869e-05	1.98190850713803	2.04227310109078	0.00158366413052774	0.0100743151465605
"Li M5 1h"	0	0.0223092550266457	0.00185769979139818	0.000168575298674971	0	0	0	1.01145179204983e-05	3.37150597349942e-06	0.626476382465795	0	26.7041546663531	0.230361517145322	0.155149961888496	0.316176458688802	21.4021648304996	0.0005866420393889	0.0193052432042577	0.0754779042287316	6.95301631107618	0.0134455658223157	0.0610040290844986	4.87071016322944	0.286581379253424	0	0.000478753848236918	30.934872079669	1.02845766818016	0.00122722817435379	0.00909632311650145	3.70865657084937e-05	0	0	1.34860238939977e-05	0	0.00251177195025707	0.00040795222279343	0.00344230759894291	3.70865657084937e-05	3.09292180641514	3.17877383452433	0.00184421376750418	0.00691833025762082
"Li M50 0h K gef채llt"	0	0.0160964677180097	0.00148424735339922	0.000216083743573634	0	0	0	1.77117822601339e-05	0	0.514668968914972	0	22.2821801475292	0.229172750663873	0.143816129595836	0.321157120653653	27.9416790684566	0.000258592020997956	0.0150160490001416	0.0637730432058383	5.14054370070545	0.0177436634682022	0.0488632648992575	3.2719152486968	0.244532408239861	7.08471290405358e-06	0.000180660179053366	29.4212575960521	0.808595995521895	0.000435709843599295	0.00681903617015157	1.41694258081072e-05	3.54235645202679e-06	0	4.60506338763482e-05	0	0.00147007792759112	0.000304642654874304	0.00323062908424843	1.41694258081072e-05	7.06964371970665	2.42736787754329	0.00126816360982559	0.00620620850395093
"Li M6 1h B"	0	0.0178055246435703	0.00216695611930442	0.000276397464196993	0	0	0	5.52794928393985e-06	0	0.439665446298156	0	49.3971467268653	0.389952598387685	0.994953479819198	1.79329438745651	3.93241728211629	0.00038142850059185	0.0141902458118736	0.300256093306477	7.57440716475295	0.00199558969150229	0.0577836538650233	2.55772685418613	0.35259471712682	0	0.000237701819209414	27.4432388785538	0.916970699270659	0.00352130369386969	0.00858490523795859	1.10558985678797e-05	0	0	1.10558985678797e-05	0	0.00104478241466463	0.000414596196295489	0.00278055848982175	5.52794928393985e-06	1.09119507685259	2.68250372542322	0.00485353947129919	0.0176065184693484
"Li M7 K"	0	0.0115265979086229	0.00122872363492934	0.000120463101463661	0	0	0	0	0	0.439001959762571	0	27.0040379231611	0.217587337469463	0.151976248806555	1.79019526724567	28.2271066759274	0.000192740962341858	0.0125212789464228	0.0516545779076179	4.20530836144713	0.0116883626448741	0.0367033861145281	2.32177139958161	0.192572313999809	0	0.000168648342049126	25.4420961405687	0.798436320106944	0.000206508173937705	0.00485982569333398	3.09762260906557e-05	0	0	2.7534423191694e-05	0	0.00154536950163382	0.000265018823220054	0.00240926202927322	1.03254086968852e-05	7.2077995383854	1.86096217665122	0.00141113918857432	0.00457759785561912
"Li M8 2h B"	0	0.0240210322903589	0.00206302787115805	5.9242354408255e-05	0	0	0	3.48484437695617e-06	1.04545331308685e-05	0.372247591502082	3.48484437695617e-06	33.9720855601779	0.194353255747223	0.230801243085807	0.353777916304214	23.6648358920571	0.000554090255936032	0.0193548256696146	0.0810923286517702	5.30071663036737	0.00438393422621087	0.0518579691734848	2.35054495647882	0.182107512606599	1.04545331308685e-05	0.000432120702742566	27.0721180877153	1.28538833328466	0.00190272502981807	0.00939165559589689	2.43939106386932e-05	0	0	1.74242218847809e-05	0	0.00239408808696889	0.000466969146512127	0.00402151041100742	4.53029769004303e-05	2.46887284729837	2.33948406042636	0.00195151285109546	0.00860408076670479
"Li M9 1h K"	3.98428724607341e-05	0.0469030294607761	0.00397631867158126	0.000119528617382202	0	0	0	2.39057234764404e-05	0	0.428828836294881	0	33.0389768477849	0.227829513304969	0.0796299649000231	0.150733555093449	18.9450069549718	0.00119528617382202	0.0273401790825557	0.0879889995422851	9.5773818706643	0.0205031421682937	0.0459547690962107	3.14023193014174	0.293155886991589	0	0.000677328831832479	24.0493809373849	1.20303959680288	0.00223120085780111	0.0121680132495082	4.78114469528809e-05	0	0	0.000183277213319377	0	0.0118731759932987	0.000868574619644002	0.00835903464226201	4.78114469528809e-05	4.72946052113202	3.85269420691009	0.00193636360159168	0.0112117843104506
"Maus 1 -0 min"	0	0.0222837336927743	0.00217108746931113	3.3697588215472e-05	0	0	0	4.81394117363886e-06	0	0.489438213065036	0	34.8750108313676	0.221624223751986	0.13598421027295	0.268815289077168	15.5454484186203	0.00046213835266933	0.01223703846339	0.0730371154864488	5.64802387714822	0.00932460405333847	0.0442449333269147	1.89296683194531	0.283285996245126	1.44418235209166e-05	0.000404371058585664	32.9691041255476	1.03649930197853	0.00353824676262456	0.00582005487892938	5.29533529100274e-05	0	0	3.85115293891109e-05	0	0.00230106388099937	0.000322534058633804	0.00476098782072883	3.3697588215472e-05	4.06745294372503	2.37372069513311	0.00112164829345785	0.0104173686997545
"Maus 10 - 1h"	2.22524856026418e-05	0.0197880228221492	0.00202497618984041	8.90099424105673e-05	0	0	0	0	0	0.60520641405645	0	32.8792824908542	0.260048109873873	0.288097367976003	0.496586468708555	12.9580841054946	0.00048399156185746	0.0073989514628784	0.0598814387567091	5.70937029916242	0.0034046302972042	0.0253567073442103	1.61647062226851	0.201969122450978	1.11262428013209e-05	0.000522933411662083	39.9365915422753	1.03595890410959	0.000144641156417172	0.00530721781623007	1.66893642019814e-05	0	0	5.56312140066045e-06	0	0.0019137137618272	0.000289282312834344	0.00314316359137316	3.33787284039627e-05	2.33794627359876	1.53361349212707	0.00236988971668135	0.0085672069570171
"Maus 2 - 0 min"	0	0.0168816943033743	0.00184520844711301	3.1407803355115e-05	0	0	0	0	3.92597541938938e-06	0.582241784572542	0	38.0818006030848	0.212147933737544	0.229516448992923	0.361052329444144	13.4397092077119	0.000361189738583823	0.00969715928589177	0.0633299094901701	5.0179776303417	0.00648178541741187	0.0664078742189714	1.76551507207482	0.270896229913287	0	0.000290522181034814	34.6648750085243	1.06919229376566	0.00176276296330583	0.00471117050326726	2.74818279357257e-05	0	0	1.57039016775575e-05	0	0.0013662394459475	0.000294448156454203	0.00318396606512479	1.96298770969469e-05	2.44535267959797	1.67271679108672	0.00155861224149758	0.00873529530814137
"Maus 3 unbestrahlt"	0	0.0136895171311601	0.00170653207568626	2.23563154020034e-05	0	0	0	0	7.45210513400115e-06	0.630768534857259	0	34.6602030087576	0.250971996702891	0.201702403609442	0.3009234574161	13.4512584258158	0.000301810257927046	0.00886800510946137	0.0656120596523131	5.04314880654164	0.00525373411947081	0.0482710110054924	1.75100251307341	0.305573571019717	3.72605256700057e-06	0.000186302628350029	38.7300919805885	0.709399422178672	0.00153513365760424	0.00449734544836969	2.23563154020034e-05	0	3.72605256700057e-06	7.45210513400115e-06	0	0.00112899392780117	0.00026082367969004	0.00248527706218938	2.98084205360046e-05	2.17093981553208	1.63096400357492	0.00160592865637725	0.00755270855331016
"Maus 4 unbestrahlt"	3.45945790363839e-06	0.0185080997844654	0.00196151263136297	0.000425513322147522	0	0	0	3.11351211327455e-05	6.91891580727678e-06	0.484593944225859	0	45.8572144036744	0.412768679230518	1.15585331801624	1.31580827310677	3.46164082157559	0.000435891695858437	0.0146888582588486	0.245036862772611	8.48919834431728	0.00278140415452527	0.0542996512555082	2.86268757742915	0.412734084651482	0	0.000179891810989196	31.0110511344894	0.528089708448304	0.00352518760380752	0.0083442124635758	1.03783737109152e-05	0	0	1.38378316145536e-05	0	0.00119005351885161	0.000511999769738482	0.00261880963305426	3.45945790363839e-06	0.954682381461761	2.67507425639904	0.00545556511403774	0.0185703700267309
"Maus 5 - 10 min"	0	0.0194052016409839	0.00208470457761635	8.57147256582348e-05	0	0	0	0	0	0.550710989873754	3.06124020207981e-06	32.4519043194681	0.299052555341177	0.238045099353928	0.500788284658237	13.145394001359	0.000416328667482855	0.00898780123330633	0.0825126684068593	5.65719332212491	0.00736840516640611	0.0453890084762374	1.85127276724696	0.341104811997147	0	0.000358165103643338	39.7476723783592	1.09801481940259	0.00218572550428499	0.00522859826515232	5.20410834353568e-05	0	0	1.22449608083192e-05	0	0.00168674335134598	0.000336736422228779	0.00316838360915261	3.06124020207981e-05	2.34234467550379	1.58718569749394	0.0026387890541928	0.00736534392620403
"Maus 6 - 10 min"	4.70075598497902e-06	0.0217433468085204	0.0021505958631279	8.22632297371328e-05	0	0	0	2.35037799248951e-06	2.35037799248951e-06	0.702969853017702	0	28.7073875294773	0.275389088624011	0.210605620017022	0.505669722816163	13.8847616251341	0.000502980890392755	0.0092299343765063	0.0730520983845664	5.94095173574005	0.00946027141977027	0.0424478265443605	2.04792900203797	0.321172101539714	0	0.000361958210843384	41.6915806733871	1.17941967663124	0.00148073813526839	0.00579838250747162	5.64090718197482e-05	0	0	2.58541579173846e-05	0	0.00174868122641219	0.000425418416640601	0.00371124685014093	4.70075598497902e-05	2.64853754310476	1.70068180704957	0.00243029084423415	0.00817931541386349
"Maus 7 - 30 min"	0	0.0223577814943327	0.00202493445840362	2.08756129732332e-05	0	0	0	0	0	0.470588505449109	0	43.7548046527984	0.27857461732131	0.209121452959363	0.31053518078333	10.4553106880946	0.000177442710272482	0.00772397680009628	0.046281233961658	4.583512211242	0.00243200891138167	0.0260214515711352	1.16956665463188	0.179311077633586	0	0.000104378064866166	34.5214166566725	0.633199092704109	0.000323572001085114	0.00504146053303581	4.17512259464664e-05	0	0	0	0	0.00217106374921625	0.000417512259464664	0.00372629691572212	4.17512259464664e-05	1.88343955367104	1.42080465676474	0.00204581007137685	0.00886169770713749
"Maus 8 - 30 min"	0	0.0255844772310758	0.0028438401967534	0.000121014476457592	0	0	0	3.52958889667976e-05	0	0.471991754073574	5.04226985239965e-06	46.4724834762296	0.216207489001045	0.251276475824484	0.359589474523881	10.2337303851921	0.000630283731549956	0.00948450959236374	0.0524043105759896	5.48714427920702	0.00315646092760218	0.0457081762120028	1.36181119946625	0.186700125824802	0	0.00042859293745397	30.5112992729349	0.750920037768618	0.00028236711173438	0.00619694964859917	4.03381588191972e-05	0	0	2.01690794095986e-05	0	0.00185555530568307	0.000408423858044372	0.00408928085029612	5.54649683763962e-05	1.87583027275957	1.65459059844583	0.00216313376667945	0.0109114719605928
"Maus 9 - 1h"	6.97892177193986e-06	0.0220673506428738	0.00218440251461718	8.02576003773084e-05	0	0	0	6.97892177193986e-06	3.48946088596993e-06	0.563178050230231	3.48946088596993e-06	32.9509058675355	0.309434922985156	0.230241608178068	0.617990501827047	13.0883606170791	0.000453629915176091	0.00998334759475997	0.0818976469937143	5.64172895528821	0.0112221062092793	0.0671825904375791	1.94899301486699	0.298341926828657	0	0.000411756384544452	38.0287763277207	1.23188088711308	0.00383142805279498	0.005454027364771	3.14051479737294e-05	0	0	6.97892177193986e-06	0	0.00219138143638912	0.000422224767202362	0.00374768099153171	4.18735306316392e-05	3.0082328246467	1.85890909263479	0.00198550324411689	0.00980887455046148
"Re M1 10'"	0	0.0168860448321151	0.00150520569997254	0.000159253845389586	0	0	0	1.02744416380378e-05	0	0.393762838556979	5.1372208190189e-06	26.3429183256893	0.128877458686727	0.1847293234311	0.726063967235217	22.924955786509	0.000482898756987776	0.0100381294803629	0.0949409779562882	6.02830259340264	0.00189049726139895	0.0339313435096198	2.66412675619747	0.157157859295426	0	0.000261998261769964	34.0291972917805	1.1675567244217	0.00145897071260137	0.00574855009648215	1.02744416380378e-05	0	0	5.1372208190189e-06	0	0.00169528287027624	0.000236312157674869	0.0025275126429573	5.1372208190189e-06	3.41142285707769	1.66212724711029	0.00126889354229767	0.00573313843402509
"Re M10 1h"	0	0.0174561896292269	0.00165718912315756	4.17778770543923e-05	0	0	0	6.96297950906538e-06	0	0.445498391969512	0	27.8757314261825	0.169646032758869	0.255339421576937	0.523421095655463	8.88320910913691	0.000459556647598315	0.0123383996900639	0.126517337679718	7.04623585505528	0.00311245184055223	0.0613925903314295	2.60713449162033	0.246022954993807	0	0.000306371098398877	47.0046028079747	0.968320671387195	0.00747127701322715	0.0068794237549566	0	0	0	0	0	0.00155274443052158	0.000306371098398877	0.00244400580768195	2.08889385271961e-05	1.7226620194813	2.0045443189468	0.00107926182390513	0.00458860349647409
"Re M11 30' K"	0	0.0280776926788714	0.00259504839911464	9.50299413760292e-05	0	0	0	1.46199909809276e-05	0	0.485244810652476	0	41.5155184990766	0.180725018510736	0.19386839040259	0.287085452896984	16.8459577077287	0.000738309544536842	0.0151097606787886	0.0595983932337512	6.18158803657834	0.00422517739348807	0.0346420686293079	1.99367700010066	0.146163359831823	0	0.000380119765504117	26.3672049040713	0.752015786081461	0.000285089824128087	0.0107530033664722	0	0	0	1.46199909809276e-05	0	0.0022807185930247	0.000365499774523189	0.0051462368252865	3.65499774523189e-05	2.42757640242812	2.44751076013061	0.00189328883203012	0.00961264406995987
"Re M12 30'"	0	0.0318195428420643	0.00290918189707615	8.38999474005865e-05	7.804646269822e-06	0	0	0	1.9511615674555e-06	0.338208492618034	0	37.7804643538196	0.173446556377389	0.198078020004947	0.632069033969372	19.6492486603617	0.000809732050494032	0.0187935882177314	0.0976595387742826	5.50211172265284	0.00442328327342162	0.0522755207152677	1.73583918151738	0.156649006443165	7.804646269822e-06	0.000563885692994639	25.4228137849253	1.60720690402131	0.0019336011133484	0.00990604727797157	5.26813623212985e-05	1.9511615674555e-06	0	3.5120908214199e-05	0	0.00500863174365827	0.000639980994125404	0.00504180149030501	3.5120908214199e-05	4.04728273240354	2.51294390828042	0.00177165470324959	0.00985531707721773
"Re M13 2h K"	0	0.0166307955731618	0.00168325074391684	4.86890711050325e-05	0	0	0	0	6.95558158643322e-06	0.551685431318744	0	34.7211295196761	0.176184881584353	0.175016343877833	0.544625516008514	18.210102105851	0.000368645824080961	0.0148849445949671	0.0733118299210062	5.43677122459204	0.00989431480670126	0.0403249842473466	2.56378563926977	0.227249283801153	6.95558158643322e-06	0.000233011983145513	30.2672097955734	0.992418902961499	0.00117549328810721	0.00676778088359952	2.78223263457329e-05	3.47779079321661e-06	0	3.47779079321661e-06	0	0.00165890620836432	0.000372123614874177	0.00369689161318926	1.04333723796498e-05	3.7485507176317	2.2057540326897	0.00126243805793763	0.00714338228926692
"Re M14 2h"	3.67697509084702e-06	0.0308682058876608	0.0031438137026742	0.000102955302543717	0	0	0	1.47079003633881e-05	3.67697509084702e-06	0.563812652530119	0	30.1288581212687	0.185359991304689	0.19956046910554	0.374731562433493	12.6393591944306	0.00082731939544058	0.0164728484069947	0.120314301947605	7.01461318148505	0.00447855566065168	0.0524557266460236	2.35148807917322	0.21475373018092	3.67697509084702e-06	0.000588316014535524	39.3148684959275	1.59635505871614	0.00350415726157721	0.0104536401832781	4.41237010901643e-05	0	0	1.10309252725411e-05	0	0.00236429498341464	0.000441237010901643	0.00416968975302053	3.30927758176232e-05	2.48983058999124	2.66597240474318	0.00198556654905739	0.00815185377640785
"Re M15 10' K"	0	0.0191523576785964	0.00173068244531568	0.00010296966493869	0	0	0	3.96037172841117e-06	0	0.597176532183664	3.96037172841117e-06	34.1272518921171	0.22548376435709	0.178901872087518	0.439050770183391	16.9253337256742	0.000495046466051397	0.0122890334732599	0.0868588727475138	5.73541825782852	0.00572273714755414	0.0420076629232573	2.34007672428149	0.231931249530943	3.96037172841117e-06	0.000328710853458127	32.7210902269709	0.941491250251731	0.00190889917309418	0.00597224056644405	4.35640890125229e-05	0	0	0	0	0.00184949359716802	0.000332671225186538	0.00443561633582051	5.14848324693452e-05	3.35913185483416	1.9848987065624	0.00177028616259979	0.00769896264003132
"Re M16 10'"	0	0.0363249734668576	0.00273355285168041	2.71995308624917e-05	0	0	0	0	0	0.274701661945735	0	60.4295105118027	0.156886894014852	0.224518527504438	0.210864363011467	9.09102159805948	0.000462392024662359	0.0186588781716693	0.0586285887741008	5.5065722226423	0.00413432869109874	0.0302458783190908	1.81219594324437	0.0691140079215914	0	0.00111518076536216	17.0717175470157	0.911837072634171	0.000367193666643638	0.0131509731720147	0.000203996481468688	0	0	0	0	0.00405273009851126	0.00055759038268108	0.00495031461697349	5.43990617249834e-05	1.46201558315522	2.59242808580038	0.00110158099993091	0.00984623017222199
"Re M17 2h K"	0	0.030545842674525	0.0028964768085517	0.000116636650008793	0	0	0	0	0	0.510252944719023	0	43.1629345314596	0.200900149826257	0.243232773965559	0.269514899100874	11.7333618790735	0.0007451785972784	0.0161023375151028	0.06098800832682	7.14768830695552	0.00404988368086087	0.0455660512701018	2.31804974190253	0.171183723329572	0	0.000686860272274004	29.4766345038944	0.677049834045486	1.94394416681322e-05	0.00982987767018551	2.59192555575096e-05	0	0	0	0	0.00248176871963154	0.000259192555575096	0.00406284330863963	7.12779527831513e-05	1.38978400317977	2.51004662744479	0.00260488518352971	0.0083136012200712
"Re M18 1h K"	2.97655643317338e-06	0.0260746343545988	0.00263127588692526	0.000104179475161068	0	0	0	1.19062257326935e-05	2.97655643317338e-06	0.742644876963891	0	33.1887857998256	0.283576531388428	0.201998049224445	0.360115703511048	8.68283240418636	0.000592334730201502	0.0141445961704399	0.0920678670344857	6.62871973932271	0.00996551093826446	0.0639661977488959	1.84884040356271	0.3380475141155	5.95311286634675e-06	0.000511967706505821	41.6478079492452	1.03420155614966	0.00134242695136119	0.00854569351964076	2.97655643317338e-05	0	0	8.92966929952013e-06	0	0.00188713677863192	0.000410764787777926	0.0040362105233831	6.54842415298143e-05	2.47823921447009	2.32662235943354	0.00222944076844686	0.00892966929952013
"Re M19 2h"	6.57285364121631e-06	0.0356051481744688	0.00339487890568823	0.000108452085080069	0	0	0	0	6.57285364121631e-06	0.548356747152574	3.28642682060816e-06	37.0931765103037	0.23885092846816	0.127418054261799	0.204688521667938	11.7839237464845	0.000759164595560484	0.0226073300989635	0.0796827046924654	8.18854979975144	0.0183415480858141	0.0441071343593821	2.41887586850402	0.354263665554277	3.28642682060816e-06	0.000769023876022309	32.0138461105664	0.99545539753539	0.00264886001741017	0.0113283132506363	5.25828291297305e-05	0	0	0.000138029926465543	0	0.00300708054085646	0.000637566803197983	0.00616862314228151	5.25828291297305e-05	2.49997173672934	3.29078133614546	0.00181739403179631	0.0105954400696407
"Re M2 30'"	0	0.0187199711673194	0.00160484027423587	0.000161433637053312	0	0	0	1.58268271620894e-05	3.16536543241788e-06	0.350371134348903	0	28.0466127915139	0.200592372817754	0.205979824783729	1.49496094398034	25.9289105138214	0.000408332140781907	0.0139972459421519	0.093723305088461	4.67474461594289	0.00404217165719763	0.0490726602987744	2.58651189042619	0.169714233024517	0	0.000303875081512117	27.1977883971568	1.48921580572051	0.000750191607483038	0.00620728161297146	3.16536543241788e-05	0	0	9.49609629725364e-06	0	0.00356736684233495	0.000316536543241788	0.00296911277560797	1.89921925945073e-05	5.37642066744326	2.07349161869793	0.00169030514091115	0.00707142637602155
"Re M20 1h"	6.86609090374784e-06	0.0295138917497601	0.00268120849791353	0.000102991363556218	0	0	0	3.43304545187392e-06	6.86609090374784e-06	0.743652573603121	0	36.0512822836728	0.247491679671043	0.165798930098251	0.318741104979234	9.59101580244554	0.000765569135767884	0.0209003807110084	0.0718193108532024	7.6790566650243	0.0133579798532414	0.0534044550493507	2.40792778080801	0.347149556093491	0	0.000556153363203575	36.5704926447688	0.803991780465257	0.00313437049756089	0.0126095759447329	4.4629590874361e-05	0	0	5.49287272299827e-05	3.43304545187392e-06	0.00237910049814863	0.000514956817781088	0.00432220422390927	5.49287272299827e-05	1.73722055696631	3.10921657353501	0.00203922899841311	0.00868560499324102
"Re M21 direkt K"	3.71527748107159e-06	0.0197095470370848	0.00169788180884972	0.000107743046951076	0	0	0	1.11458324432148e-05	7.43055496214318e-06	0.391597677059908	0	28.4871538708176	0.185299464368446	0.167362104689832	1.09283772522476	25.8994556746962	0.000508993014906808	0.0150728807407074	0.0936249925230041	4.83835756499228	0.00404593717688696	0.0378289553122709	2.45503306782722	0.18257616597482	3.71527748107159e-06	0.000330659695815372	27.4464897872595	1.45478377270824	0.000735624941252175	0.00690298555983102	3.71527748107159e-05	0	0	5.94444396971454e-05	0	0.00235177064551832	0.000427256910323233	0.00395305523986017	3.34374973296443e-05	5.1224685492473	2.08085261159858	0.00159385403937971	0.00668378418844779
"Re M22 0h"	0	0.0338536230484267	0.00225398726940201	7.30233456609723e-05	0	0	0	0	0	0.271651714081861	4.86822304406482e-06	33.4046317052957	0.161878152661243	0.421972705236494	0.418117072585595	30.9807337152097	0.000827597917491019	0.0615538121691556	0.0768595054196954	6.4284787932415	0.00554490604718983	0.0417936948332965	4.39847846609692	0.135818554706364	0	0.000491690527450547	15.6560933405824	1.31931278605679	0.00170874628846675	0.00985328344118719	7.78915687050371e-05	0	0	3.89457843525186e-05	0	0.00436679607052614	0.000710760564433463	0.00830518851317458	3.89457843525186e-05	2.97208424596288	3.16313279110416	0.00515057998062058	0.0141081103816998
"Re M23 0h"	5.4451197542465e-06	0.02796613505781	0.00251564532646188	4.90060777882185e-05	0	0	0	0	1.0890239508493e-05	0.49909423155448	0	39.1311407542221	0.19703165830741	0.195931744117052	0.359290781864201	11.148343629964	0.000849438681662454	0.0164007006997905	0.090590457351399	6.54078130607623	0.00829836250547166	0.0743585553639902	1.84595004788711	0.289979852512397	5.4451197542465e-06	0.00054451197542465	33.357669388555	1.2859140360431	0.00416551661199857	0.00952895956993137	1.0890239508493e-05	0	0	1.63353592627395e-05	0	0.00239040757211421	0.00103457275330683	0.00477537002447418	7.07865568052045e-05	2.21215068671945	2.68096460732056	0.00176966392013011	0.0104001787306108
"Re M24 direkt K"	0	0.0111916759255128	0.000931900057239372	0.000142003818246	0	0	0	5.91682576024998e-06	5.91682576024998e-06	0.493004714408429	0	24.6859200965815	0.178572759857225	0.147657345259918	0.724414728304686	32.1306241055978	0.000218922553129249	0.0151884917265617	0.0538519896569152	4.34106855743173	0.00783979413233123	0.0267499692620902	2.45721927886438	0.176975216901957	0	0.000162712708406875	25.7099747150368	0.886367124601369	0.000461512409299499	0.00496125839996961	1.4792064400625e-05	0	0	2.95841288012499e-05	0	0.00156500041358612	0.000313591765293249	0.00236673030409999	5.91682576024998e-06	5.93049658616904	2.00497557711831	0.00144074707262087	0.00528076699102311
"Re M25 K"	0	0.0184408240781638	0.00176373450269366	0.000163308750249413	0	0	0	0	0	0.520954913295628	0	29.6595113808725	0.236918536336834	0.161701792146959	0.747016683915881	25.278767220132	0.000480127725733275	0.0126205002192747	0.0652908383497154	5.12010166426968	0.00845612708791462	0.0458668955950502	2.6056629660795	0.218441784333615	6.53235000997653e-06	0.000336416025513791	27.7934508814475	0.965383346224382	0.000248229300379108	0.00623186190951761	5.22588000798123e-05	0	0	3.26617500498827e-06	0	0.00226019310345188	0.000542185050828052	0.00306367215467899	2.61294000399061e-05	4.48320080447197	2.034376295957	0.00174087127765875	0.00691775866056515
"Re M26 10' K gef채llt"	0	0.0152048391896392	0.00134448862663603	0.000121177086520844	0	0	0	0	0	0.527501168637593	0	22.8476569169699	0.288609198067929	0.163075506769789	0.475262303672202	19.5829730959747	0.000242354173041687	0.0292844625758706	0.0699941933094207	7.02160627845029	0.016855155701304	0.0453837040707827	6.02999109810041	0.232025269000149	0	0.000132717761427591	32.2556439526373	0.921672920077537	0.00153490976259735	0.00819387918379038	5.77033745337351e-06	0	0	0.000271205860308555	0	0.00219272823228193	0.000525100708256989	0.00389497778102712	1.73110123601205e-05	5.50773516620793	3.94355825204707	0.00119445985284832	0.0062954381616305
"Re M27 30' K"	0	0.0151946434787372	0.0018436614369095	0.000239436550247987	0	0	0	0	0	0.607014753457691	0	31.2968712011895	0.218859373119675	0.200518533370679	2.58066150476582	19.6459078210465	0.000287323860297584	0.0282487241982575	0.0688858955063458	5.15583033506895	0.0129391511754012	0.0503008304760971	2.75895074881147	0.201332617641522	0	0.000205915433213269	27.5068923008172	1.11828361920222	0.000344788632357101	0.00776253295903973	1.43661930148792e-05	0	0	1.91549240198389e-05	0	0.00158985869364663	0.000560281527580289	0.00280140763790145	4.78873100495974e-06	5.83682140509125	2.67347190037294	0.00201126702208309	0.00532985760852019
"Re M28 10' B"	0	0.0271207609201644	0.00241461211244918	0.000129861491761972	0	0	0	4.05817161756164e-06	8.11634323512328e-06	0.662679134289728	0	30.9102896929867	0.208111156891796	0.186290368104167	0.418714031156775	19.2061412798069	0.000608725742634246	0.0170970770247872	0.0952047061479961	6.70146170066041	0.0100642656115529	0.0513723945067128	2.34511186532682	0.297435572365945	4.05817161756164e-06	0.000405817161756164	32.7693868090511	0.963418058352369	0.00154616338629099	0.00849781136717408	3.65235445580548e-05	0	0	1.21745148526849e-05	0	0.00220358718833597	0.000555969511605945	0.00348596941948545	4.86980594107397e-05	2.76968589629935	2.33028330623624	0.00237403039627356	0.00779574767733591
"Re M29 30' B"	0	0.0199226129055032	0.00190312208291943	8.46822472493423e-05	0	0	0	4.45696038154433e-06	0	0.481868728611047	0	24.642819195023	0.239173864954814	0.120569692241537	1.14722160220951	24.6117096115599	0.000352099870142002	0.0329815068234281	0.0622147099659773	6.83976282552747	0.0153898841974726	0.0343497936605622	6.24510625750106	0.211451571381608	0	0.00023621890022185	22.1550330492526	1.12163864961945	0.000962703442413576	0.00988108116588379	4.45696038154433e-06	0	0	0.000303073305945015	0	0.00241121556641548	0.000383298592812813	0.00348088605798612	2.6741762289266e-05	7.69054753580009	4.30198741211766	0.00176049935071001	0.00445696038154433
"Re M3 10'"	0	0.0148481859126319	0.00111566479785521	0.000175006242800817	0	0	0	0	1.09378901750511e-05	0.304833530233586	0	14.2438565425701	0.164330861989968	0.317762116420497	0.619079114962804	51.133209173696	0.000360950375776686	0.139009646234724	0.0439648495586178	5.22376681030669	0.00797919088269977	0.0252173057985803	6.72156320826257	0.109384370695598	0	0.000169537297713292	12.4843383085056	1.13472954043033	0.000120316791925562	0.00802294244339997	2.73447254376277e-05	0	0	2.18757803501022e-05	0	0.00482907851228506	0.000382826156126788	0.0047306375007096	0	4.12721597553238	3.15415938977948	0.00341809067970346	0.00736666903289691
"Re M30 1h K gef채llt"	0	0.0168592413765132	0.00165608859892397	6.48598667985888e-05	0	0	0	4.32399111990592e-06	0	0.610102175045365	0	25.7331651243134	0.259923754199785	0.180690940918628	0.409979218033879	21.1465693757134	0.000454019067590121	0.0109699654712013	0.0719555362263544	5.77394641416173	0.0073767288505595	0.0661959800546397	2.53127737356628	0.3446869521233	0	0.000246467493834637	36.7879110894028	0.773064752372379	0.000964250019739019	0.00614871537250621	6.05358756786828e-05	4.32399111990592e-06	0	4.32399111990592e-06	0	0.00216199555995296	0.000419427138630874	0.00265925453874214	1.29719733597178e-05	3.21145414870084	2.04195724247325	0.00163879263444434	0.00541363688212221
"Re M31 1h B"	0	0.0244288046790188	0.00231663341529713	0.000129403228919867	0	0	0	0	9.46852894535611e-06	0.525288736477836	0	37.6266210594981	0.214484273846522	0.20646127365349	0.28663130823382	14.9633656302752	0.000555487031460892	0.0176840558936101	0.100145474478716	6.63590488900548	0.00651119173808988	0.0406105206466324	3.60679307615715	0.271904589547476	6.31235263023741e-06	0.000435552331486381	30.1874598297659	0.716234247366202	0.00149602757336627	0.00895407220599176	1.26247052604748e-05	3.1561763151187e-06	0	2.20932342058309e-05	3.1561763151187e-06	0.00232294576792737	0.000410302920965431	0.00346863777031546	2.84055868360683e-05	1.89291358881613	2.64710085637163	0.00232610194424248	0.00695621259852162
"Re M32 2h K gef채llt"	0	0.0220602635229337	0.00204602195823627	5.08571423653375e-05	0	0	0	1.17362636227702e-05	1.17362636227702e-05	0.704543553626392	0	27.3504625926549	0.300847381706091	0.203686767261051	0.279499118176272	12.603538295702	0.000496835160030605	0.0295362634506383	0.0740088784051889	7.38569720330315	0.0146233844739717	0.0785077794605841	6.07016376547534	0.324546810048339	7.82417574851346e-06	0.000309054942066282	37.2438120354445	0.762645882734853	0.00281670326946485	0.0110281757175297	3.91208787425673e-05	3.91208787425673e-06	0	5.47692302395943e-05	0	0.00190127470688877	0.000320791205689052	0.0036343296351845	2.34725272455404e-05	2.57405993115195	3.94542277503327	0.00158439558907398	0.00799630761498076
"Re M33 2h B"	0	0.0131284940367661	0.00137327343480817	5.49309373923268e-05	0	0	0	0	6.86636717404085e-06	0.596639242853931	0	35.7362414137795	0.218329877032977	0.209685120760859	0.867517427869843	17.6065464493947	0.000384516561746288	0.0163831520772615	0.0542031024718784	5.53874821457288	0.00658484611990517	0.0356021137974018	3.43178284811692	0.177028678481121	0	0.000212857382395266	28.5721279599707	0.710833795325405	0.000102995507610613	0.0106566018541114	3.43318358702042e-05	0	0	6.86636717404085e-06	0	0.00155179898133323	0.000157926445002939	0.00188138460568719	0	3.29297236932651	2.89207265550296	0.00203931105069013	0.00510857717748639
"Re M34 10' K"	0	0.0183067840335924	0.00195028391581664	7.58691683498465e-05	0	0	0	0	4.46289225587332e-06	0.536024600176177	0	37.8802172214622	0.223827435308815	0.212514003440176	0.481523759947452	16.5173025886471	0.000294550888887639	0.0136296729494371	0.0804748731579078	5.48838902710466	0.00506984560267209	0.0416030816092511	2.15946413874168	0.21700813594184	0	0.000272236427608273	29.7856731697255	0.723577647229253	0.00116035198652706	0.00769848914138148	3.12402457911133e-05	0	0	4.46289225587332e-06	0	0.00153077204376455	0.000312402457911133	0.00303922962624973	1.338867676762e-05	3.43052709346019	2.15984794747569	0.001655733026929	0.00697550059593
"Re M35 30' K gef채llt"	0	0.0166510767380929	0.00138077110543154	5.11396705715385e-05	0	0	0	0	5.11396705715385e-06	0.560557271035805	0	20.0513841181969	0.30633685465763	0.17092923491831	0.206000820996271	23.4081920945127	0.000332407858715	0.0236214138369936	0.0747406285403035	6.60227466186322	0.0131838070733426	0.0428090182354349	5.35168470183859	0.297336272637039	0	0.000199444715229	33.2019094939315	0.784037631433428	0.000746639190344462	0.00820280315967477	3.57977694000769e-05	1.02279341143077e-05	0	8.69374399716154e-05	0	0.00188705384408977	0.000250584385800539	0.00316554560837823	4.09117364572308e-05	5.411313557725	3.45237267871282	0.00161601359006062	0.00665327114135716
"Re M36 10' B"	3.32602572221905e-06	0.0264585346202525	0.00232156595410889	9.97807716665714e-05	0	0	0	9.97807716665714e-06	1.33041028888762e-05	0.587309622029439	0	33.881379221712	0.24333869388899	0.178893619495274	0.277300742538569	12.4891667184695	0.000681835273054904	0.0143251927855974	0.0870387671247502	7.09972785459733	0.0105867398738232	0.0344476484050227	2.07931154460535	0.361801752037266	6.65205144443809e-06	0.000405775138110724	37.3328925684046	0.904376328102859	0.00193574697033148	0.00844477930871416	5.98684629999428e-05	3.32602572221905e-06	0	4.98903858332857e-05	0	0.00211867838505353	0.000425731292444038	0.00409101163832943	5.65424372777238e-05	2.08622967810756	2.27450601616522	0.0025843219861642	0.0075966427495483
"Re M37 30' B"	0	0.0298735990769424	0.00270683352426991	0.000142177114406096	5.46835055408062e-06	0	0	3.28101033244837e-05	0	0.570223190727865	0	41.7741899322198	0.230873760393284	0.166232388493497	0.268660062721981	9.32961850052359	0.000672607118151916	0.0136818130863097	0.0684746856381975	6.63576684046908	0.00399736425503293	0.0304969910401076	1.70113823716783	0.191271965680632	0	0.000634328664273352	33.70954856032	0.847288108251468	0.000169518867176499	0.0104226761560777	2.18734022163225e-05	1.64050516622419e-05	0	2.18734022163225e-05	0	0.00212718836553736	0.000486683199313175	0.00401923765724926	3.28101033244837e-05	1.85205377575935	2.5439368296144	0.00243341599656588	0.00872748748431267
"Re M38 0h K"	0	0.0251137166352355	0.00285252362436226	8.22052917683649e-05	0	0	0	0	0	0.381432553805213	0	53.9991600263287	0.153049812214342	0.139132456317958	0.197810593582216	14.9284152209016	0.000501452279787026	0.0128404665742186	0.0415465544597316	5.09537170232445	0.00345262225427133	0.0304406195418255	1.50007394365995	0.108502764605065	0	0.000394585400488152	18.5543837739249	0.547421478943895	0.000123307937652547	0.0099139581872648	9.86463501220379e-05	0	0	0	0	0.00185783959396505	0.000723406567561611	0.00376500236299111	4.93231750610189e-05	1.93464399806423	2.3171205590749	0.00141393101841588	0.00831095499778169
"Re M39 0h B"	0	0.021315437925617	0.00195982894848264	5.8831638228372e-05	0	0	0	3.67697738927325e-06	0	0.675004801213226	0	35.0313431068128	0.2538327801137	0.172152404388384	0.364701002355067	12.2685696642526	0.000463299151048429	0.0129282525006847	0.0826547747334734	6.09458634574302	0.00933216861397551	0.0553164478442268	1.97947136169614	0.37060622804224	3.67697738927325e-06	0.000341958897202412	36.6408884812837	1.14794498697633	0.00143034420442729	0.00753044969323161	5.8831638228372e-05	0	0	2.57388417249127e-05	0	0.00134945070186328	0.000489037992773342	0.00312910775827154	1.4707909557093e-05	2.55395127806402	2.23898139489888	0.00197085988065046	0.00758928133145999
"Re M4 30'"	0	0.0344748421433438	0.00213278848894091	0.000170623079115273	0	0	0	1.34702430880478e-05	4.49008102934928e-06	0.516938538827953	4.49008102934928e-06	34.7628404306473	0.207051106506383	0.373080832728632	0.384310525383034	19.8066723771517	0.000664531992343693	0.0326608494074867	0.0837220508732467	7.07476474332699	0.0146152137505319	0.0475993489921317	3.02414141456321	0.220207043922377	0	0.000695962559549138	25.3107663656831	1.11863633724693	0.000938426935133999	0.0128820424732031	5.83710533815406e-05	4.49008102934928e-06	0	2.24504051467464e-05	0	0.00242464375584861	0.000678002235431741	0.00544197820757133	8.0821458528287e-05	3.50973469772528	3.43233468094135	0.00466968427052325	0.0145613327781797
"Re M40 2h K"	6.92748053594453e-06	0.027595618714935	0.00248696551240409	4.84923637516117e-05	0	0	0	1.38549610718891e-05	3.46374026797227e-06	0.616199393672266	0	31.5597759306421	0.23427700050484	0.171763416148477	0.243154566811653	13.9598881558267	0.000651183170378786	0.0205226610877357	0.0777609690159774	6.97981072391306	0.0126738256405105	0.0637917045152452	2.28847587634794	0.282138963527681	0	0.000547270962339618	36.484521843645	0.97738783759561	0.00204707049837161	0.0102007150891783	2.77099221437781e-05	3.46374026797227e-06	0	3.46374026797227e-05	0	0.00195354951113636	0.000477996156980173	0.00524756650597798	5.1956104019584e-05	2.93771242469612	3.02420201918739	0.00193276706952852	0.012611478315687
"Re M41 2h B"	0	0.0359993605645809	0.00312960605550321	0.000124472968116605	0	0	0	8.8909262940432e-06	8.8909262940432e-06	0.455686645348596	0	47.9075293876232	0.182095061428299	0.190203586208466	0.22427361576724	8.64947540867587	0.000880201703110277	0.0169283236638583	0.0576043114591059	6.5978941663254	0.00384088015902666	0.0385955110424415	2.02634879352797	0.132750420496359	0	0.000373418904349815	28.2504292983761	0.80550903131402	0.000177818525880864	0.011113657867554	2.66727788821296e-05	0	0	8.8909262940432e-06	0	0.00208047675280611	0.000524564651348549	0.00527231929236762	2.66727788821296e-05	1.72811156192059	2.65847587118186	0.00179596711139673	0.0126962427478937
"Re M42 2h K gef채llt"	0	0.0111802711609428	0.00122312825671631	6.95791523281734e-05	0	0	0	1.46482425954049e-05	0	0.656603812278377	0	22.3889965331272	0.428680819554525	0.188515558081564	1.72762837994465	16.5721354537641	0.000175778911144859	0.0149375453866642	0.0720913259332853	6.00215402407365	0.0158786949734189	0.054967530339257	4.30057021946363	0.276372055108153	0	0.000139158304656347	37.7436945724233	0.561800386200916	0.000780018918205312	0.00594352443308555	0	0	0	0	0	0.000963121950647873	0.000278316609312693	0.00175046499015089	1.46482425954049e-05	6.26077240915618	2.70593323404266	0.00155271371511292	0.0041820732609881
"Re M43 2h B"	4.32102334277304e-06	0.0223224065887655	0.00251915660883668	9.07414901982339e-05	0	0	0	4.32102334277304e-06	8.64204668554608e-06	0.557563247034719	0	37.4349653579238	0.214374610081656	0.182087923664456	0.324647125789224	14.4413050769518	0.000483954614390581	0.0182908918099583	0.0795370766704234	6.10628870502646	0.0127815870479227	0.0686826660333775	3.33981832516617	0.23378032591405	8.64204668554608e-06	0.000367286984135708	30.1244333734065	0.961272136926662	0.00114075016249208	0.00876303533914373	2.59261400566382e-05	0	0	1.72840933710922e-05	0	0.00209137529790215	0.000427781310934531	0.00346978174424675	2.16051167138652e-05	2.95457748904124	2.89362513376808	0.00177594059387972	0.00842599551840743
"Re M44 0h K"	2.92852198256955e-06	0.024778224494521	0.00217589183304918	0.000143497577145908	0	0	0	5.85704396513911e-06	2.92852198256955e-06	0.388746650576195	2.92852198256955e-06	35.6045895562229	0.288327631793885	0.189123949634342	0.248997581567976	17.8349390126512	0.000565204742635924	0.017199209603631	0.0619265258434158	6.00666508175057	0.00646617653751358	0.0503647210562312	2.2392123353563	0.246555194234513	2.92852198256955e-06	0.000450992385315711	31.3372820352338	0.36218495619429	0.00267666909206857	0.00807100658396169	3.80707857734042e-05	0	0	1.75711318954173e-05	0	0.0024336017675153	0.00039242194566432	0.00389200571483494	2.04996538779869e-05	2.62157480801049	2.44019094197608	0.00179811249729771	0.00818229041929933
"Re M45 0h K gef채llt"	0	0.0152729020638607	0.00144864924724966	2.29944324960263e-05	0	0	0	0	0	0.579496489991857	0	32.3434766680552	0.219348490466094	0.213618277888085	0.261662845145282	17.4092779959745	0.000294328735949137	0.0104532690126936	0.0562259863392836	4.75660531169551	0.00770313488616882	0.0553797912234298	2.03329189123413	0.269384375577448	0	0.00025293875745629	36.3567041693597	0.851194105478405	0.0020051145136535	0.00456669429371083	3.21922054944369e-05	0	0	2.29944324960263e-05	0	0.00274093635352634	0.00042769644442609	0.00441952992573626	5.51866379904632e-05	2.71827304085826	1.81631182731512	0.00105774389481721	0.00897242755994948
"Re M46 0h K ohne Narkose gef채llt"	0	0.0129842916934561	0.000761148133754323	0	0	0	0	0	0	3.609364450263	0	6.6431218177292	0.0694435738501738	0.0578472581653285	0.0687719725556847	2.0267136130896	0.000179093678530429	0.0141036271842713	0.0691749333323782	20.7946565610074	0.00237299124052818	0.212673743254884	0.779460462384059	0.033177103947762	0	0.000223867098163036	62.9487863716874	0.458703684136061	0.000402960776693465	0.00582054455223894	0	0	0	0	0	0.001253655749713	0.000447734196326072	0.00398483434730204	0.000134320258897822	0.54695209423193	1.63176727851037	0.00197003046383472	0.00474598248105637
"Re M47 10' gef채llt"	0	0.0123996759228372	0.00144839519326588	9.08401166508218e-05	0	0	0	0	0	0.684278412038051	0	24.1021489037061	0.339964089892553	0.196739505973091	1.39500139136779	19.824386877156	0.000247286984216126	0.0132929370699036	0.0833811337391599	5.6794754932038	0.00355285789567659	0.0392176970274187	2.92846835387716	0.273847624990197	0	0.000136260174976233	37.308565809173	0.634987555408686	0.00118092151646068	0.00546050034534384	1.00933462945358e-05	0	0	0	0	0.00118596818960795	0.000317940408277876	0.00227604958941781	5.04667314726788e-06	4.31068652216292	2.15124031581273	0.00123138824793336	0.00477415279731541
"Re M48 10' K"	0	0.0278421853137005	0.00255759609277016	6.47492681713965e-05	0	0	0	8.09365852142456e-06	0	0.513842098549681	0	42.3486275421372	0.233194489319284	0.21862590398072	0.202851363522464	8.70734399149454	0.000801272193621032	0.0226703375185102	0.0619650496400264	6.57489968719629	0.00496141267363326	0.0455106418659703	3.51060819635086	0.155398243611352	8.09365852142456e-06	0.00037230829198553	32.3450436701439	0.681558890430641	0.00028327804824986	0.0111125931499159	8.09365852142456e-05	0	0	8.09365852142456e-06	0	0.00192629072809905	0.000526087803892597	0.0041196721874051	0.000145685853385642	1.27666132053542	3.03472535626666	0.00177251121619198	0.00988235705465939
"Re M49 10' K"	3.37685286228127e-06	0.0224358104169968	0.00218482380189598	5.0652792934219e-05	0	0	0	3.37685286228127e-06	6.75370572456254e-06	0.504005420254066	0	27.0433134058492	0.254000118595073	0.180911515243857	0.184436949632078	26.3441866735068	0.00050652792934219	0.027973849111138	0.0542694023497223	6.58630837447353	0.0101913419383649	0.0572815551028772	3.91291812360983	0.228504879484849	3.37685286228127e-06	0.000334308433365846	28.4032733590758	0.739260628610615	0.00162426622675729	0.0102723864070596	5.0652792934219e-05	0	0	1.68842643114063e-05	0	0.00209364877461439	0.000482889959306222	0.00374830667713221	2.70148228982502e-05	2.1481072807244	3.26654796353485	0.00182687739849417	0.00883722394059008
"Re M5 1h"	3.44202289337615e-06	0.030737264437849	0.00281557472678169	0.000113586755481413	0	0	0	1.03260686801284e-05	6.88404578675229e-06	0.473581045853837	1.03260686801284e-05	40.946097818229	0.163616558236635	0.158460407942358	0.226368077605776	16.5356431968779	0.000781339196796385	0.0231854662097817	0.0785848246786708	6.67996824940402	0.0108871184117488	0.0593576847962717	3.08429001204467	0.156818563022217	6.88404578675229e-06	0.00050941938821967	25.0682871526874	0.879220001815323	0.0103501628403821	0.0115548708530637	4.81883205072661e-05	0	0	2.75361831470092e-05	0	0.00369329056459261	0.000519745456899798	0.00482571609651336	3.09782060403853e-05	2.23574531825512	3.14285947359836	0.00140434534049747	0.00957914971226582
"Re M50 0h K gef채llt"	1.02748121815707e-05	0.0160184321910688	0.00160972057511275	9.58982470279934e-05	0	0	0	6.84987478771382e-06	0	0.577430744854699	0	22.5718889221564	0.271940029072239	0.167236268004639	0.42432234359972	24.5437589523582	0.000417842362050543	0.0103570106790233	0.0678308850853361	5.61984619702144	0.00611351324803458	0.0526686872427315	2.81744254855893	0.255733225324508	0	0.00028769474108398	36.6721438265469	0.519963720323174	0.00107543034167107	0.00524357914999493	2.73994991508553e-05	0	0	1.36997495754276e-05	0	0.00242143073745683	0.000366468301142689	0.00241458086266912	2.73994991508553e-05	3.57826841604249	1.80618525883656	0.00139737445669362	0.00543537564405091
"Re M6 1h"	8.33207449574493e-06	0.0314702453704286	0.00280790910506604	0.000216633936889368	0	0	0	0	8.33207449574493e-06	0.44532438557408	0	46.4454078729605	0.147552707245147	0.291814245064475	0.286548373983164	17.2565594881373	0.00065823388516385	0.026329355406554	0.0660233583042829	6.36132224356437	0.00952356114863646	0.0542501370417953	2.02082801989999	0.186780113971114	8.33207449574493e-06	0.000516588618736186	20.3465093148843	0.775982761937717	0.00357445995867458	0.011173311898794	0	0	0	8.33207449574493e-06	0	0.00236630915679156	0.000466596171761716	0.00535752390076399	1.66641489914899e-05	2.52003593123806	2.68447775348608	0.00269959213662136	0.0133729795656706
"Re M7 K"	0	0.0225177076400944	0.00225635218977548	0.000137442772981248	0	0	0	0	5.72678220755199e-06	0.500893005783535	0	37.7038798892188	0.17655096867662	0.178383538983037	0.431530219685665	18.0585257670552	0.00083611020230259	0.0110126021851225	0.0645293819146958	5.89642095010409	0.00454706507279628	0.0340170863128588	2.32743301053562	0.193107096038653	0	0.000492503269849471	28.630795668239	1.02321563058773	5.72678220755199e-06	0.00739327582994962	5.72678220755199e-06	0	0	3.43606932453119e-05	0	0.00202155411926585	0.000377967625698431	0.00341888897790854	1.1453564415104e-05	2.75985660824566	1.95604545759366	0.00207882194134137	0.00766243459370456
"Re M8 2h"	4.83008182689924e-06	0.0261114223562173	0.00262756451383319	8.69414728841863e-05	0	0	0	9.66016365379848e-06	4.83008182689924e-06	0.472169479070362	0	38.8659537820096	0.180765812371704	0.189368188105412	0.241721445027172	19.6512990046216	0.000608590310189304	0.0159924009288634	0.0739968535880963	6.00998387573784	0.00789718378698025	0.060685148073162	1.95104393283037	0.21189568974607	4.83008182689924e-06	0.000405726873459536	26.6966350703644	0.794698193061558	0.00258409377739109	0.00902742293447468	2.41504091344962e-05	0	0	4.83008182689924e-06	0	0.00230394903143094	0.000531309000958916	0.00471415986305366	2.41504091344962e-05	2.20330461640384	2.31277842101051	0.00158909692104985	0.00914334489832026
"Re M9 1h K"	0	0.0279626496584793	0.00268427582394568	0.00024245071958219	0	0	0	2.88631809026417e-05	1.15452723610567e-05	0.454935684751258	0	48.2487034081875	0.157200428468148	0.216104408054259	0.26484277532646	14.0535635984028	0.000652307888399703	0.0142872745468077	0.075454127515686	5.93228997937322	0.00299022554151368	0.0410261253350149	1.87199664171118	0.145002848218691	0	0.000513764620067023	23.9610582581371	0.78360649832582	0.000305949717568002	0.00856659209190406	5.77263618052834e-05	0	0	5.77263618052834e-06	0	0.00299022554151368	0.000513764620067023	0.00400043687310614	2.88631809026417e-05	1.72460392211375	1.9933605447706	0.001933833120477	0.00847422991301561
"RNA Mausohr 1 -0h"	4.23874277871885e-06	0.0193668157559664	0.00200492533433402	5.08649133446262e-05	0	0	0	8.4774855574377e-06	4.23874277871885e-06	0.674057592900208	0	35.8375825670004	0.293185360518425	0.243104614587862	0.425980933032908	9.47956673775462	0.000504410390667543	0.00885473366474368	0.0755216800884337	5.80250400338659	0.00605292468801052	0.0497797951932742	1.84966018634954	0.342363254237121	0	0.000309428222846476	40.1473963458901	1.07157112943124	0.00251357446778028	0.0054637394417686	2.11937138935942e-05	0	0	1.69549711148754e-05	0	0.00140302385975594	0.000275518280616725	0.00379791352973209	1.69549711148754e-05	1.93510900202574	1.71176964501504	0.0024287996122059	0.00774842179949806
"RNA Mausohr 10 - 1h"	2.08624828579933e-05	0.0331226686175406	0.00333799725727892	0.000146037380005953	0	0	0	2.08624828579933e-05	2.08624828579933e-05	0.499454793781311	0	40.5885584580678	0.214946160885904	0.301894035277068	0.334112662970762	13.7394122899496	0.000876224280035717	0.0131850891662517	0.0557376000356053	6.43620809074902	0.00523648319735631	0.0453063586066087	2.18348831840043	0.153992940135801	6.95416095266442e-06	0.000577195359071147	29.9020228263379	0.897643095769923	0.000528516232402496	0.00910299668703772	3.47708047633221e-05	0	0	3.47708047633221e-05	0	0.00281643518582909	0.000479837105733845	0.00596667009738607	6.95416095266442e-05	2.32515848532811	2.23130512911095	0.00253826874772251	0.0126357104509912
"RNA Mausohr 2 -0h"	0	0.0201981188721863	0.00206335415163527	5.88408978603214e-05	0	0	0	7.84545304804285e-06	0	0.286488486228857	0	48.6252942191995	0.275908892793571	0.251929265552228	0.128649739081807	17.3861202088946	0.000584486252079192	0.014823983534277	0.024352286261125	4.90602853634483	0.00310287668050095	0.0188840054866391	1.89915274206626	0.292902144095632	3.92272652402142e-06	0.000353045387161928	21.7190148637208	0.154355365993719	0.00128665429987903	0.00788860303980708	4.70727182882571e-05	0	0	3.53045387161928e-05	0	0.00138864518950358	0.000282436309729543	0.00279690401162728	4.70727182882571e-05	1.44739586465385	2.51915143736741	0.00160831787484878	0.00779445760323057
"RNA Mausohr 3 unbestrahlt- li"	9.3635141868008e-06	0.0160911991300172	0.00154966159791553	4.21358138406036e-05	0	0	0	0	0	0.620613720301157	4.6817570934004e-06	31.0315427766059	0.27064301405529	0.206521668904078	0.326899007289589	12.1108441573216	0.000332404753631428	0.00797771408715428	0.0673096217318175	5.77862255402771	0.0103513649335083	0.0566492608301448	1.98949863156922	0.368988003559259	0	0.000262178397230422	42.1840499839369	1.13925408935096	0.00162925146850334	0.00479880102073541	1.40452712802012e-05	0	0	9.3635141868008e-06	0	0.00104871358892169	0.000262178397230422	0.00242983193147481	1.40452712802012e-05	2.09424358301987	1.6982324775175	0.00205997312109618	0.00720054240964981
"RNA Mausohr 4 unbestrahlt- li"	0	0.0114298777003086	0.0018435286613401	0	0	0	0	0	0	2.58425847746655	0	9.93551336742632	0.123516420309787	0.0833274954925724	0.102868899302777	5.23267175234773	0	0.0132734063616487	0.038345396155874	11.4055431219789	0.00258094012587614	0.386772313149153	2.15692853376791	0.056411977037007	0	0.00036870573226802	64.3332509890531	0.867933293758918	0.000737411464536039	0.00221223439360812	0	0	0	0	0	0.00258094012587614	0.0018435286613401	0.00479317451948425	0	0.9084909243084	1.73881623337598	0.000737411464536039	0.00294964585814416
"RNA Mausohr 5 - 10min"	1.2685898093504e-05	0.030488441751388	0.00254563688409648	8.88012866545282e-05	0	0	0	8.45726539566936e-06	4.22863269783468e-06	0.669096551778381	0	33.0116626535533	0.264327601308948	0.27481038176688	0.470854022271194	11.3450367227149	0.000697724395142722	0.0124660091932166	0.085507181782915	6.88679772665323	0.00940870775268216	0.0697132386565025	2.31917668859664	0.343529891739391	0	0.000490521392948823	38.4277799855939	1.1803171017831	0.00235957704539175	0.00818663290300794	3.80576942805121e-05	4.22863269783468e-06	0	2.53717961870081e-05	0	0.00178448299848623	0.000511664556437996	0.00410600234959747	4.22863269783468e-05	2.27971085962775	2.28494167827497	0.00254563688409648	0.010922558258507
"RNA Mausohr 6 - 10min"	0	0.028507998111326	0.00259930375463677	6.9008064282392e-05	0	0	0	0	2.30026880941307e-05	0.547379633450632	0	38.507864695735	0.257070374577306	0.24506297139217	0.27876957701277	16.2544278257691	0.000828096771388704	0.0107269202145629	0.0516640374594175	5.718820968085	0.00409447848075526	0.0390585643838339	1.98125219579827	0.195990570124691	0	0.000590402327749354	31.2059833978865	0.734215133713859	0.000253029569035437	0.00833464065277335	9.20107523765227e-05	0	0	0	0	0.0017252016070598	0.000437051073788483	0.00378777597283352	5.36729388863049e-05	2.04293773770403	1.86397682433169	0.00278332525938981	0.0106195743367903
"RNA Mausohr 7 - 30min"	7.42537433818103e-06	0.0203418129994469	0.00182292940002344	7.05410562127197e-05	0	0	0	1.48507486763621e-05	7.42537433818103e-06	0.523964114799406	0	31.2222956963013	0.271460547742391	0.268416144263737	0.440068522839468	19.774143131293	0.000497500080658129	0.014397800841733	0.06784564532796	5.55043019091863	0.00804168040825005	0.0535926392858216	1.89518943039545	0.282520642819112	0	0.000352705281063599	34.0490354642933	1.11764878194716	0.00294044823791969	0.00648977717157022	1.85634358454526e-05	0	0	7.42537433818103e-06	3.71268716909051e-06	0.00155561592384892	0.000423246337276318	0.00359388117967962	3.71268716909051e-05	2.47027724751323	1.93986790778829	0.00239839591123247	0.0102210277765062
"RNA Mausohr 8 - 30min"	0	0.025977685943725	0.00274200973127829	8.56878041024464e-05	0	0	0	0	0	0.551296289860895	0	40.8968656829389	0.240549468283373	0.292833310086549	0.430890643796274	9.67175858508489	0.00057601246091089	0.0115107283510953	0.0570585566651068	5.90429909994483	0.00433675497429604	0.0404636852705997	1.91297070571999	0.203837004659036	0	0.000542689425982161	34.3219738280884	1.1536196670648	0.000423678586950985	0.00747388069115783	1.90417342449881e-05	0	0	2.38021678062351e-05	0	0.00190417342449881	0.000409397286267244	0.00379406554831388	7.14065034187054e-05	2.15812827369065	2.08894965317861	0.00229452897652107	0.0123200020565073
"RNA Mausohr 9 - 1h"	0	0.025151018049938	0.00223590618921953	3.51189453804115e-05	0	0	0	2.92657878170096e-06	8.77973634510287e-06	0.563501038101393	0	30.6906570816139	0.252917864893378	0.252584234912265	0.650291658451516	16.9285052314498	0.000602875229030397	0.0123326029860878	0.0919472521634807	5.91034876595392	0.0122974840407074	0.069298458971897	2.26533293886953	0.25632732917406	2.92657878170096e-06	0.000441913396036845	34.6062204841726	1.30116277950181	0.00584730440583851	0.00698574355192019	1.75594726902057e-05	2.92657878170096e-06	0	1.17063151268038e-05	0	0.00186130410516181	0.000535563917051275	0.00500444971670864	1.17063151268038e-05	3.76451389189879	2.30937794953413	0.00192568883835923	0.0116975353904587
"Seq Control NL10"	0	0.00877747349203005	0	0.00351098939681202	0	0	0	0	0	0.25981321536409	0	64.7988203075627	0.228214310792781	1.0515413243452	1.10771715469419	3.69707183484306	0.00175549469840601	0	0.108840671301173	6.62699248648269	0	0.0491538515553683	2.02232989256372	0.254546731268872	0	0	16.2383259602556	0.800505582473141	0	0.00175549469840601	0	0	0	0	0	0.00175549469840601	0.00702197879362404	0.00702197879362404	0	0.667087985394284	2.04690681834141	0.00351098939681202	0.00702197879362404
"Seq Control NL12"	0	0.0194887277365426	0.00191652226986624	5.39175063133724e-05	0	0	0	0	0	0.720656487793052	0	24.6436481721941	0.365467562566487	0.185118405539739	0.394127167967786	16.26934284412	0.000524470288684622	0.0232090356721653	0.063279546045967	7.18932107909321	0.0155723561415985	0.0653186081029091	5.04906076439241	0.305967143553939	0	0.000230374799702591	37.6050196610187	0.490276786498978	0.00155380450012173	0.008543473954928	1.47047744491016e-05	0	0	9.8031829660677e-06	0	0.00193612863579837	0.000397028910125742	0.00325955833621751	7.35238722455078e-05	3.302030626418	3.26527359188673	0.00200475091656085	0.00730337130972044
"Seq Control NL5"	0	0.0190793015157699	0.00176313392029858	0.000105057202504838	0	0	0	0	0	0.458981214630266	0	27.4171481217485	0.302222165379678	0.130261795697085	0.264191458072927	26.2319521432469	0.000383687174365494	0.0129677129526624	0.0484542088770139	5.9917182950495	0.00829495129342545	0.0465905854586672	3.1015535448013	0.28842313021589	9.13540891346415e-06	0.000360848652081834	29.6863014771728	0.370253555558245	0.00122871249886093	0.0071347543614155	2.28385222836604e-05	0	0	9.13540891346415e-06	0	0.00310603903057781	0.00032887472088471	0.00294616937459219	1.82708178269283e-05	3.23890898551969	2.3568989580381	0.00161239967322642	0.00676933800487694
"Seq Control NL6"	0	0.0139869466007654	0.00422861176302209	0.00195166696754866	0	0	0	0	0	0.233874758277914	0	63.6337761990961	0.287545599885502	1.2695593623904	1.25898783298285	3.66506792614242	0.000975833483774329	0.0115473628913296	0.147838772791811	6.10692858037371	0.0040659728490597	0.0629412597034442	2.91562781060373	0.186546834314859	0	0	16.042377195422	1.13700864751106	0.000325277827924776	0.0130111131169911	0	0	0	0	0	0.00211430588151105	0	0.0013011113116991	0	0.623882873959721	2.35224661263802	0.00569236198868358	0.0165891692241636
"Seq Control NL7"	5.54862070444512e-06	0.021639620747336	0.00229158035093583	0.000504924484104506	0	2.21944828177805e-05	0	8.32293105666767e-05	2.21944828177805e-05	0.403601121420633	0	53.4740441349498	0.238180092359011	0.803329305589564	1.39643801854982	5.26371567713397	0.000516021725513396	0.01804966315156	0.253965918263157	8.66829940379516	0.00384519414818047	0.0545151984211733	2.88504417562117	0.355677684396341	5.54862070444512e-06	0.000327368621562262	21.1045117665993	1.07403541251803	0.00269662966236033	0.00966569726714339	2.21944828177805e-05	0	0	0.000105423793384457	0	0.00123734241709126	0.000493827242695615	0.003639895182116	5.54862070444512e-06	1.02545168962991	2.91198827776195	0.00470523035736946	0.0173172452185732
"Seq Control NL8"	0	0.0169012689879403	0.00175366550401185	0.000406647073394053	0	0	0	2.54154420871283e-05	0	0.5610001362776	5.08308841742566e-06	46.7616431571286	0.297055687114356	1.00000106744857	1.83947311958642	3.87028385338157	0.000360899277637222	0.0126670563362247	0.328911402226362	7.35549326061264	0.00260762435813936	0.0397090867169293	2.1852807077123	0.430171606589899	5.08308841742566e-06	0.000147409564105344	30.6619365479089	1.0007686137996	0.00191632433336947	0.00771104512923473	1.01661768348513e-05	5.08308841742566e-06	0	1.01661768348513e-05	0	0.00102678386031998	0.000289736039793263	0.00201798610171799	5.08308841742566e-06	0.977965879159027	2.61747538349233	0.00725356717166642	0.0177043969578936
"Seq Control NL9"	0	0.0198280881904618	0.00195995954968457	0.000497606310541678	0	0	0	3.04656924821436e-05	1.01552308273812e-05	0.460631115099183	0	50.2677528159947	0.311298445782543	1.00918621870183	1.9285951192742	4.18125888709638	0.000477295848886916	0.0152277686256581	0.321829420150537	7.50751334752764	0.00403670425388402	0.0621347798173318	2.44568424015821	0.376708287541705	0	0.000269113616925601	26.1024366257743	1.18216534300003	0.00227984932074708	0.00867764474199722	5.07761541369059e-05	0	0	5.07761541369059e-06	0	0.00122878293011312	0.000487451079714297	0.00278253324670244	0	1.00692667984274	2.75133637760073	0.00638764019042276	0.0203053840393487
