"Sample"	"3prime_overlapping_ncRNA"	"antisense"	"bidirectional_promoter_lncRNA"	"IG_C_gene"	"IG_C_pseudogene"	"IG_J_gene"	"IG_pseudogene"	"IG_V_gene"	"IG_V_pseudogene"	"lincRNA"	"macro_lncRNA"	"miRNA"	"misc_RNA"	"Mt_rRNA"	"Mt_tRNA"	"piRNA"	"polymorphic_pseudogene"	"processed_pseudogene"	"processed_transcript"	"protein_coding"	"pseudogene"	"ribozyme"	"rRNA"	"scaRNA"	"sense_intronic"	"sense_overlapping"	"snoRNA"	"snRNA"	"sRNA"	"TEC"	"TR_C_gene"	"TR_J_gene"	"TR_J_pseudogene"	"TR_V_gene"	"TR_V_pseudogene"	"transcribed_processed_pseudogene"	"transcribed_unitary_pseudogene"	"transcribed_unprocessed_pseudogene"	"translated_unprocessed_pseudogene"	"tRNA"	"unassigned"	"unitary_pseudogene"	"unmapped_reads"	"unprocessed_pseudogene"
"Li M1 10'"	0	0.0130282486466072	0.00104121494483054	0.000149278128291116	0	0	0	0	3.73195320727791e-06	0.329703138050174	0	24.7833750441303	0.13788074319609	0.118683575897852	0.907159453671906	26.3255748514123	0.000208989379607563	0.00933361497140204	0.0515867891842025	3.42690335211501	0.00691904124629324	0.0344869795884551	2.00821626818114	0.148266768971944	1.11958596218337e-05	0.000175401800742062	17.5484276907942	0.673707120790637	0.000264968677716731	0.00396333430612914	1.49278128291116e-05	0	0	0	0	0.00204511035758829	0.000417978759215125	0.00226902755002497	1.49278128291116e-05	5.11561217840826	1.56087450113116	0.00148904932970388	16.7838885608917	0.00430294204799143
"Li M10 1h B"	0	0.022773217386114	0.00178338209210893	8.31898352004165e-05	0	0	0	5.19936470002603e-06	0	0.298214761734693	0	23.0161473029933	0.147459182257438	0.456207856874384	0.403897048627422	21.4525943504015	0.000748708516803749	0.0374250271107874	0.0486348574040435	5.23736685661852	0.0033743876903169	0.0284717210973426	3.64100591276953	0.108370358442643	0	0.000421148540702109	17.1300609121173	1.07996004184241	0.000155980941000781	0.00961882469504816	5.19936470002603e-05	0	0	5.19936470002603e-06	0	0.00270366964401354	0.000426347905402135	0.00630163001643155	1.03987294000521e-05	2.70427796968344	2.38347716769183	0.00473662124172372	21.7608334872778	0.0123952854448621
"Li M11 30' K"	0	0.0220346435007699	0.00236305626601356	0	0	0	0	0	0	0.292327183702008	0	35.3364173614908	0.119796678529209	0.105906017348121	0.133221577895547	11.4442061524807	0.000431514622489433	0.0158085039477081	0.0377267069947904	5.17090136623694	0.00413021138668457	0.0353773496056813	2.55112129759598	0.123721406762327	0	0.000616449460699189	17.515541547084	0.54161934560876	1.36988769044264e-05	0.009123452018348	0.000109591015235411	0	0	0	0	0.0021781214278038	0.00117810341378067	0.00315074168801808	0	1.06066294207903	2.40987902727289	0.00130139330592051	23.0536413087441	0.005493249638675
"Li M12 30' B"	0	0.0205313285035345	0.00190593801679808	0.000108497420311086	0	0	0	7.2331613540724e-06	7.2331613540724e-06	0.391625055193542	0	25.0369804415679	0.128254800549735	0.251547652410576	0.265956109827888	25.1319771662116	0.000625668457127262	0.0221443234854926	0.0623173016460107	4.9504154131146	0.00597820785914084	0.038060895045129	2.55561333645951	0.195743812563907	3.6165806770362e-06	0.000307409357548077	20.8782417718178	0.84901401341831	0.00138515039930486	0.00778649819765894	3.6165806770362e-05	0	0	7.2331613540724e-06	3.6165806770362e-06	0.00199273595304695	0.000473772068691742	0.00409758590708201	1.08497420311086e-05	2.13800314910146	2.0636607167043	0.00294389667110747	14.984188128451	0.00804327542572851
"Li M13 2h K"	0	0.0233324850251149	0.00220557669706082	1.11018961261451e-05	0	0	0	7.40126408409672e-06	0	0.45346434853648	0	33.2571471879397	0.137471079098012	0.109349976210487	0.158816324716547	14.8588702910336	0.000580999230601592	0.0119641433919423	0.0450699976401069	4.99102393195041	0.00444445908250008	0.036429021821924	1.71695264349284	0.159830297896069	0	0.000477381533424238	22.4095769988844	0.596704712988045	0.000122120857387596	0.00841153663157592	3.70063204204836e-05	0	0	1.11018961261451e-05	0	0.00173559642772068	0.000647610607358463	0.00335647326213786	2.59044242943385e-05	1.73517455566789	1.87729732924275	0.00133592816717946	17.3917234846291	0.00639099153661751
"Li M14 2h B"	0	0.0131743066541202	0.00101630365617499	3.38767885391663e-05	0	0	0	0	3.76408761546292e-06	0.346725166610751	0	27.5356183377767	0.172090321691349	0.245749752238343	0.4851494886694	11.4874496096886	0.000316183359698885	0.0107954032811476	0.0591413446141534	4.27548408707494	0.00425718309308856	0.0287802139078295	2.05525582753222	0.165920982089605	0	0.000191968468388609	24.3808838100306	1.19117187452655	0.000237137519774164	0.00563483916034799	2.25845256927775e-05	0	0	7.52817523092583e-06	0	0.00120074394933267	0.000350060148238051	0.0024767696509746	0	3.58513536204858	1.77446618368153	0.0023450265844334	22.1613142658205	0.00759969289561963
"Li M15 10' K"	0	0.0208727281494427	0.0019708702821017	9.88624251539687e-05	0	0	0	9.5673314665131e-06	6.3782209776754e-06	0.495906681014262	0	30.8023074872724	0.217136965853492	0.128846441970021	0.252794410229187	10.5866158262925	0.00052620323065822	0.011200156036798	0.0662091228587595	5.26427425125586	0.00747208587534673	0.0415254076751557	1.62231964033467	0.239151395557939	9.5673314665131e-06	0.000462421020881466	28.5477753945201	0.829162348876824	0.00152120570317558	0.00652492006016193	3.82693258660524e-05	0	0	2.23237734218639e-05	0	0.00174763254788306	0.000459231910392629	0.00314446294199397	5.74039887990786e-05	1.81693829702648	1.85873796820368	0.00173168699543887	17.1653234239591	0.00709895994815272
"Li M16 10' B"	0	0.0182140658025235	0.00155173596167074	6.32746702817193e-05	0	0	0	3.01307953722473e-06	3.01307953722473e-06	0.359565846574713	3.01307953722473e-06	26.8686938505096	0.137116210500486	0.17532808519157	0.25342108063736	20.3190543895808	0.000400739578450889	0.0203171953195064	0.06671560711323	4.90177119662284	0.00645401636873537	0.0493873866946505	2.4203073606279	0.203855922250014	0	0.0002802163969619	20.2484579360236	0.932014801692965	0.00228994044829079	0.00788221606937989	4.21831135211462e-05	0	0	3.3143874909472e-05	0	0.00139505582573505	0.000551393555312125	0.00275998085609785	1.80784772233484e-05	1.77321538613398	2.32448540518508	0.00191029242660048	18.8958985840816	0.00653838259577766
"Li M17 2h K"	0	0.00998175012443097	0.00101817487608039	6.81813533089547e-05	0	0	0	4.54542355393031e-06	0	0.573823360295271	0	20.6136185435099	0.211575830164794	0.157276200389543	0.890943925382327	14.9448799212733	0.000190907789265073	0.00905902914298311	0.0640586541455399	4.30116612841276	0.00899539321322809	0.03456794612764	2.34405219964409	0.246098322056895	4.54542355393031e-06	8.18176239707457e-05	31.3438317466017	1.00152498960234	0.000340906766544774	0.00388633713861042	1.81816942157213e-05	0	0	0	0	0.000954538946325366	0.000172726095049352	0.00164089790296884	9.09084710786063e-06	3.93100956129845	1.52927593675498	0.0011999918182376	17.7705106556092	0.00415906255184624
"Li M18 1h K"	0	0.0158136023882137	0.00159464898032407	7.45465986736864e-05	0	0	0	6.48231292814664e-06	3.24115646407332e-06	0.45841296449621	0	29.5104508659317	0.192116308251482	0.150337801429577	0.418028154953856	10.9871249921199	0.000343562585191772	0.0107314690525468	0.066440466357039	4.42901762006094	0.00834273673852473	0.0382780578407059	1.76007436509391	0.23570338038034	3.24115646407332e-06	0.000236604421877352	26.1365658034981	0.90038678340664	0.00128349795977303	0.0057336057849457	1.62057823203666e-05	0	0	2.91704081766599e-05	0	0.00137749149723116	0.000324115646407332	0.00291704081766599	1.62057823203666e-05	3.05331848235441	1.88475841311035	0.00136452687137487	19.7218439522532	0.00692959252018876
"Li M19 2h B"	0	0.0239700149535466	0.00202034685958536	8.34361534932006e-05	0	0	0	5.95972524951433e-06	0	0.288325547846254	0	38.168976924361	0.129475031045699	0.23854396283706	0.201677102443565	16.0261004975357	0.000744965656189291	0.0453952272255506	0.0397394479637615	4.83612632877289	0.00328380861248239	0.0197028516748944	2.97446907340635	0.082768664265255	0	0.000238389009980573	13.2852943719871	0.531726686761668	0.000226469559481544	0.0115380280830597	5.95972524951433e-06	2.38389009980573e-05	0	5.95972524951433e-06	0	0.00226469559481544	0.000286066811976688	0.00500020948434252	0	1.60418520513702	2.49520584801616	0.00283682921876882	18.9717423799102	0.00800987073534726
"Li M2 30'"	0	0.0186561656342549	0.0017190945782731	0.000112430236131785	0	0	0	0	7.25356362140547e-06	0.415941098742254	0	27.4552714439459	0.149985561781612	0.136084107101188	0.327012408743823	19.3328034363322	0.000351797835638165	0.0106917527779517	0.0666965174988233	4.36962651473449	0.0083597320736698	0.0452694905611915	2.01803569580208	0.184273157019995	3.62678181070273e-06	0.000275635417613408	23.6899320609471	0.815024915628361	0.00134553605177071	0.00567954031556048	1.81339090535137e-05	0	0	3.62678181070273e-06	0	0.0025206133584384	0.000290142544856219	0.00298484143020835	1.45071272428109e-05	3.14184844157548	1.69988714180361	0.00139631099712055	16.0922086063968	0.00566865997012837
"Li M20 1h B"	3.70300040792253e-06	0.022321686458957	0.00203665022435739	8.51690093822181e-05	0	0	0	1.11090012237676e-05	3.70300040792253e-06	0.392714302261408	0	29.0361519486225	0.178873434704698	0.303557161439857	0.235477498940201	17.341921134386	0.000607292066899294	0.0910456710295911	0.0628436199228532	6.66084974675921	0.00605810866736125	0.0415143375732194	2.20911746835638	0.213303932497561	3.70300040792253e-06	0.000388815042831865	24.4779991414964	0.671261398946156	0.0032549373585639	0.00870945695943378	3.33270036713027e-05	0	0	3.70300040792253e-06	0	0.00338083937243326	0.000407330044871478	0.00561745161881847	2.59210028554577e-05	1.83586613623901	2.31043155951714	0.00365115840221161	13.8677365276699	0.0127309154024376
"Li M21 direkt K"	0	0.0205793888217022	0.00177029915697161	0.000105729964964614	0	0	0	5.42204948536482e-06	8.13307422804723e-06	0.389273331777024	0	29.4129159345657	0.176116300358877	0.135974156993979	0.311095511272292	18.0546873875348	0.000496117527910881	0.0109769391831211	0.0577773593160475	4.48091182389313	0.0069348012917816	0.0425468223116577	1.89315195421101	0.191737224926213	2.71102474268241e-06	0.000330745018607254	23.212645108616	0.705148379670665	0.00100579017953517	0.00567959683591965	3.79543463975537e-05	0	0	1.08440989707296e-05	2.71102474268241e-06	0.00245347739212758	0.000393098587688949	0.00325322969121889	2.16881979414593e-05	2.63851838593937	1.63090910880185	0.00153172897961556	16.6043569258183	0.00663387754534385
"Li M22 0h B"	8.2791584301689e-06	0.0168204902106265	0.00140469721365199	0.00014902485174304	0	0	0	0	0	0.371127075229705	2.75971947672297e-06	27.7297302950993	0.148635731296822	0.17220097590856	0.447861075279987	21.6705509258348	0.000422237079938614	0.0116404967528175	0.0613375250896447	4.35719689442144	0.00617901190838272	0.0318720002366735	2.099989217776	0.164415807264724	1.37985973836148e-05	0.000248374752905067	20.5317223268509	0.755119962659892	0.00100729760900388	0.00624524517582407	2.48374752905067e-05	0	0	1.93180363370608e-05	2.75971947672297e-06	0.00376701708572685	0.000281491386625743	0.00255825995492219	2.20777558137837e-05	3.25119515861308	1.92283454540673	0.00173586355085875	16.2256933912473	0.00596375378919833
"Li M23 0h B"	0	0.0199072444668625	0.0015920479887384	6.64460763246411e-05	0	0	0	0	5.31568610597129e-06	0.337811852034475	5.31568610597129e-06	21.84837356218	0.156228014654496	0.240885631578195	0.300179452247251	27.0843615863645	0.00062193527439864	0.0407447340022699	0.0635729479843636	5.36881373075742	0.00635224489663569	0.0336137410911094	3.87048926159645	0.152305038308289	2.65784305298564e-06	0.000382729399629933	17.4869487945805	1.02603107433152	0.00078672154368375	0.00791771445484423	5.04990180067272e-05	5.31568610597129e-06	0	7.97352915895693e-06	0	0.00243458423653485	0.00049435880785533	0.00397081752116055	2.39205874768708e-05	1.90879909242102	2.56850763228869	0.0028332606944827	17.4575105249256	0.00736222525677023
"Li M24 direkt K"	0	0.0142840408112099	0.0012125007260337	0.000144717828591119	0	0	0	7.82258532924968e-06	1.56451706584994e-05	0.309739177404306	0	27.0639197136777	0.126240882043431	0.113482245371425	0.444545790383266	29.3468082580687	0.000305080827840738	0.00830367432699854	0.0414753474156818	3.37313790689911	0.00253060635401227	0.0222865456030323	1.77790545975387	0.108460145590047	0	0.000230766267212866	17.7254503315701	0.614616618026483	9.38710239509962e-05	0.00436891390638595	1.95564633231242e-05	0	0	3.91129266462484e-06	0	0.0038095990553446	0.000312903413169987	0.00281613071852989	1.95564633231242e-05	3.40580502323406	1.35362016537337	0.00131810562797857	14.1279020080381	0.00480697868482393
"Li M25 K"	0	0.0149095973483475	0.00134820827086121	8.37122782560882e-05	0	0	0	0	0	0.369413472125353	0	24.1329148306875	0.158907933676965	0.121127260727178	0.444481356174155	24.4354554102144	0.000326037294260554	0.00948151698984746	0.0465264030728574	4.0068309219057	0.0028285938231794	0.0253604144022128	2.12382896436016	0.121730870312498	0	0.000189454103421673	22.558903704004	0.784851073654028	3.96531844370944e-05	0.00470551121986854	3.96531844370944e-05	0	0	2.20295469094969e-05	0	0.00180201693719685	0.000290790019205359	0.00250255652891885	8.81181876379876e-06	3.85407363772586	1.45416157967713	0.00126009008322322	15.3163200611188	0.00527387353013356
"Li M26 10' K"	0	0.0240096157672954	0.00192474292419487	4.96707851405128e-05	0	0	0	0	9.31327221384614e-06	0.339645724366755	0	21.9796080316915	0.267961468136781	0.0864861502018466	0.249154867112955	14.23630205475	0.000450141490335897	0.0193436663881584	0.0624392813456958	6.35736068571016	0.0101390490168072	0.0391312654185102	3.80097301342781	0.309104400353482	0	0.000316651255270769	27.0924454647376	0.929914708432181	0.00169811996699128	0.00737921601743743	4.65663610692307e-05	0	3.10442407128205e-06	0.000180056596134359	3.10442407128205e-06	0.00420959904065846	0.000468768034763589	0.00375324870217999	3.10442407128205e-05	3.21168502736891	2.85598322170549	0.00113001036194667	18.1006674077134	0.00599153845757435
"Li M27 30' K"	0	0.010320137858015	0.00130109284337379	0.000219180514833578	0	0	0	0	0	0.392855424055537	0	29.9352829890925	0.143912993356685	0.127050083960127	0.851045295192317	21.9487880530018	0.000181873193159777	0.0084501083591158	0.0371487655566868	3.4782035703853	0.00359082971110329	0.0236108712043065	2.00583281320709	0.107197925414456	0	0.000149229286695202	18.9761593156942	0.541692983873164	9.32683041845011e-05	0.0042810151620686	4.66341520922506e-06	0	0	4.66341520922506e-06	0	0.00136638065630294	0.000275141497344278	0.00181873193159777	4.66341520922506e-06	3.81641775843435	1.38098647273823	0.00135705382588449	16.196316163136	0.00408048830807192
"Li M28 10' B"	0	0.0217115596835802	0.00396797470079225	0.000299469788739038	0	0	0	0	0	0.215917717680846	0.000524072130293316	39.4504280171956	0.106910714579836	0.135510079404414	0.157521108876734	8.1559848288605	7.48674471847594e-05	0.0122782613383005	0.0419257704234653	3.80416472635199	0.00127274660214091	0.033914953574696	1.08235868395007	0.103242209667783	0	7.48674471847594e-05	15.9756650849671	0.641389420031834	0	0.00778621450721498	0	0	0	0	0	0.00104814426058663	0.000598939577478075	0.00359363746486845	0	1.02508508685373	1.4506316566519	0.00164708383806471	27.5564612852944	0.00801081684876925
"Li M29 30' B"	0	0.0113834934686973	0.000863232728941042	7.14185351282157e-05	0	0	0	0	0	0.501966726725514	0	23.4581165224452	0.188153683372135	0.208809165792695	0.733527353687098	20.1376669893439	0.000214255605384647	0.0217702325993009	0.0611932639900759	4.35257157185209	0.00805166354728101	0.0333897177492914	3.75817684005586	0.173009848771252	0	0.000170783453567472	20.9706306800054	0.858438371626348	0.000549612205117138	0.00545264989935421	2.79463833110409e-05	0	0	9.31546110368031e-06	0	0.00147494800808272	0.000350882368238625	0.0021456612075477	9.31546110368031e-06	4.6950482890215	2.55834855505554	0.0021580818223526	17.2507838572375	0.00546507051415911
"Li M3 10' B"	0	0.0116461314573532	0.00140578995443134	9.02800888166916e-05	0	0	0	0	4.29905184841388e-06	0.378570206719478	0	28.632919138317	0.16747816285866	0.127019785913237	0.459946959158105	17.6034006875818	0.00023214879981435	0.0114354779167809	0.0553545916001772	3.97230241267519	0.011405384553842	0.0378961420437684	2.27137824979839	0.157573147399914	0	0.000197756385027039	20.0609235833646	0.743275971227822	0.00065345588095891	0.00515886221809666	1.71962073936555e-05	0	0	6.44857777262083e-05	0	0.00234728230923398	0.000266541214601661	0.00233438515368874	8.59810369682777e-06	3.41054960669479	1.82814170517507	0.00170672358382031	20.0399012198259	0.00439363098907899
"Li M30 1h K"	0	0.0124428575292813	0.000540993805620926	0	0	0	0	0	0	0.251967864967946	0	31.7089994319565	0.184614136168141	0.118477643430983	0.0904812139900998	9.23422326814358	0	0.0117666152722551	0.0382753117476805	3.3532148556899	0.00229922367388893	0.0206930130650004	1.06467580946198	0.168790067353729	0	0	19.0804457788958	0.293489139549352	0	0.00175822986826801	0	0	0	0	0	0.00094673915983662	0.00175822986826801	0.00338121128513079	0	0.840569125483513	1.28458979144689	0	32.2248370256161	0.00676242257026157
"Li M31 1h B"	6.38414321829384e-06	0.0222678915454089	0.00199823682732597	0.000137259079193318	0	0	0	3.19207160914692e-06	6.38414321829384e-06	0.528201665380368	0	21.9586596082728	0.216773582977167	0.249894517993676	0.265692080387344	17.1898163467136	0.000561804603209858	0.0524904255408119	0.0668196349942725	6.07816719419906	0.00842387697653872	0.0377111339904617	3.44058396013383	0.237113463270651	0	0.000367088235051896	25.0898424514752	0.88280570836889	0.00161838030583749	0.0102369736505342	4.46890025280569e-05	3.19207160914692e-06	0	1.91524296548815e-05	0	0.00228233120054005	0.000351127877006161	0.00449124475406972	3.19207160914692e-05	2.24239838470962	2.70043193197772	0.00324633682650242	18.6975530664349	0.00894737672043881
"Li M32 2h K"	0	0.0384623843536414	0.00362173647411387	5.7125180979714e-05	0	0	0	1.14250361959428e-05	0	0.342556860262953	5.7125180979714e-06	40.7561774456647	0.139939555846005	0.184091608225226	0.163617943362097	13.6916719769283	0.00102825325763485	0.0296022687836878	0.0500245209839355	6.15346736995381	0.00622664472678882	0.0460257583153556	3.41497759407589	0.0686187673928324	0	0.000542689219307283	14.1884668258365	0.56919530328187	0.000399876266857998	0.0148982471995094	2.8562590489857e-05	5.7125180979714e-06	0	1.71375542939142e-05	0	0.00422155087440086	0.000594101882189025	0.00509556614339049	3.42751085878284e-05	2.18504959751026	3.50670349717502	0.00201080637048593	14.4196181581528	0.0129331409738072
"Li M33 2h B"	0	0.0145469949788527	0.000978390410323097	0.000114543267550021	0	0	0	0	0	0.3056157557319	0	28.7633321801054	0.212592304572839	0.351261247850584	0.384941741146438	18.3316238546091	0.000372265619537569	0.0740999488325679	0.036291125268765	4.95223044616369	0.00495876895768633	0.0264213137148715	4.66744724721745	0.0919877891149628	0	9.5452722958351e-05	14.3936883605093	0.829603478411768	0.000138406448289609	0.00858119979395575	0	0	0	0	0	0.0028015374188276	0.000453400434052167	0.00378947310144653	0	2.63284859417946	2.62956979314584	0.00474400033103004	21.2651485261074	0.00972185983330805
"Li M34 10' K"	0	0.0133624652856395	0.00130589819033779	4.90478193554099e-05	0	0	0	3.06548870971312e-06	0	0.572384986388924	0	24.3810425763888	0.32174143301665	0.16370016258739	0.637765729589685	11.4767145784159	0.000232977141938197	0.0101161127420533	0.083175905160646	5.40666681258393	0.00481588276295931	0.0472238535731306	2.39189354808431	0.255195804106198	3.06548870971312e-06	0.000174732856453648	35.9201030641828	0.633805118176736	0.00162777450485767	0.00590413125490746	1.53274435485656e-05	0	0	3.06548870971312e-06	0	0.00148063104679144	0.000272828495164467	0.00237881923873738	9.19646612913935e-06	3.22090898729557	2.1583125048703	0.00171360818872963	12.2806328615607	0.00526344411457742
"Li M35 30' K"	0	0.0142748897228735	0.00139046639153708	4.2392268034667e-05	0	0	0	0	2.82615120231114e-06	0.494802552500634	2.82615120231114e-06	22.237344643289	0.21989152044702	0.146846816472087	0.411566747290166	10.7579282514255	0.000245875154601069	0.0102137104451524	0.0640575431515842	4.58625273574969	0.0102956688300195	0.0429518459727246	1.99565558384878	0.247028224291612	0	0.000203482886566402	31.0694317240164	0.845830314886093	0.000689580893363917	0.00556186556614832	1.9783058416178e-05	2.82615120231114e-06	0	1.41307560115557e-05	0	0.00104850209605743	0.000231744398589513	0.00208287343610331	5.65230240462227e-06	2.88193660089356	1.78521188687109	0.00129155109945619	22.1605185490054	0.00512381212979009
"Li M36 10' B"	4.94144828512473e-06	0.0231210365260986	0.0013391324852688	7.41217242768709e-05	0	0	0	9.88289657024946e-06	0	0.345975501683008	0	18.2570701500846	0.168271138453352	0.219622669032369	0.208539000528834	27.8833671937841	0.000474379035371974	0.0396353566949854	0.0660523392272622	6.95370485579322	0.00837081339500129	0.0249938454261609	3.746561616747	0.150145906143515	0	0.00027177965568186	19.0378683936172	1.06789638889831	0.00122053772642581	0.00815833111874093	4.44730345661226e-05	0	0	9.88289657024946e-05	0	0.00548994904477357	0.000454613242231475	0.0128922385758904	3.45901379958731e-05	3.33634234590909	3.43431149960997	0.0023570708320045	14.9857325563664	0.0094925221557246
"Li M37 30' B"	0	0.0254451204980165	0.00203536805312878	0.000157031363149402	0	0	0	1.20793356268771e-05	0	0.271301878179659	0	33.6632058967451	0.14201070929738	0.35977697197872	0.210935398384341	21.354634678009	0.000706641134172308	0.0495554744092631	0.0457927613614909	5.73039454371578	0.00417341045908602	0.0166815625007172	3.68820166595781	0.0728202748266283	0	0.000229507376910664	14.0618445073026	0.546535580105866	0.000175150366589717	0.0138127202893339	0.000108714020641893	0	0	4.83173425075082e-05	0	0.00335201563645838	0.000314062726298803	0.00633561153629701	4.83173425075082e-05	1.85798300944809	2.94216981830626	0.00415529145564571	14.9116740859959	0.0133718245389529
"Li M38 0h K"	0	0.0185405565500658	0.00182233581656131	9.95132186518123e-05	0	0	0	0	0	0.299397957466309	0	38.0458004613184	0.128944253068086	0.127078380218364	0.128061073252551	17.5637347957796	0.000522444397922015	0.0152441811822245	0.0367701342918447	4.4536519050002	0.00307247062587471	0.0378025839353572	1.48246707698455	0.114670325767716	0	0.000317198384452652	18.2715412221691	0.48263911046129	0.000174148132640672	0.00925472933461855	4.35370331601679e-05	0	0	0	0	0.00179745751189836	0.000186587284972148	0.00363845205695689	1.24391523314765e-05	1.52405738280484	2.10500311414179	0.00105732794817551	15.1364083664246	0.00618847828490958
"Li M39 0h B"	3.34416407753123e-06	0.0217571314884182	0.00168880285915327	6.01949533955622e-05	0	0	0	3.34416407753123e-06	0	0.472025415379456	0	26.9984298146407	0.159035066871075	0.245431545814095	0.295851507611033	19.5505316401563	0.000652111995118591	0.02997708679099	0.0715985528999437	5.64388886286014	0.00493264201435857	0.0258938624523243	3.47527537435492	0.172920036120985	0	0.000321039751442998	22.0118196803989	0.981956930577729	0.000558475400947716	0.0084908325928518	3.00974766977811e-05	3.34416407753123e-06	3.34416407753123e-06	6.68832815506247e-06	0	0.00226734324456618	0.000374546376683498	0.0033408199134537	4.3474133007906e-05	2.00152233037137	2.48734242257065	0.00322043000666258	15.3215385335152	0.00720332942300228
"Li M4 30' B"	0	0.0190919257993376	0.00186628937589031	5.63104553070352e-05	0	0	0	5.36290050543192e-06	1.07258010108638e-05	0.322701812113355	0	24.6513605195921	0.163732033881089	0.101364182453169	0.240936349557287	16.3684625840621	0.000380765935885666	0.00993745463656535	0.0540794886967755	4.71045002994107	0.0107821114661709	0.0367760902159994	2.00327394350056	0.209426627637622	0	0.000332499831336779	22.9365623571793	0.634061089657721	0.000667681112926274	0.00550233591857315	1.60887015162958e-05	0	0	5.63104553070352e-05	2.68145025271596e-06	0.00330622816159878	0.000616733558124671	0.00321774030325915	2.14516020217277e-05	3.09074950074078	1.69885157775997	0.00123883001675477	22.7146857560183	0.00541652951048624
"Li M40 2h K"	0	0.0124018166361309	0.00132446585434408	9.570732280808e-05	0	0	0	9.2619989814271e-06	0	0.550246097487603	3.08733299380903e-06	22.7413504043912	0.264525778242552	0.160803738982543	0.358084317286941	14.3418997767735	0.000216113309566632	0.00894709101605858	0.0770073468645787	4.68996137622931	0.00545840473305437	0.0404533242178798	2.26076750604253	0.238971923052794	6.17466598761807e-06	0.000175977980647115	35.2506278400376	0.816806428173074	0.00134916451829455	0.00445810884306024	3.08733299380903e-06	0	0	0	0	0.00110526521178363	0.000179065313640924	0.0027693376954467	9.2619989814271e-06	3.75968311120178	1.69964164708474	0.00113305120872792	12.7036651829356	0.00585975802224954
"Li M41 2h B"	0	0.0209074914101824	0.00193171256442872	4.26683498166987e-05	0	0	0	7.75788178485431e-06	1.16368226772815e-05	0.49601568767823	0	35.1479251564561	0.218151635790103	0.285319376283372	0.298728874948493	5.33498669309932	0.000508141256907957	0.0177306388192845	0.061395876445337	5.69610445336161	0.00407288793704851	0.0336381754191283	1.66628051810083	0.198109148198932	0	0.000318073153179027	31.6549233670619	0.782630630219673	0.000384015148350288	0.00876252747599294	3.87894089242716e-06	0	0	1.16368226772815e-05	0	0.00123738214468426	0.00028704162603961	0.00332037340391765	1.16368226772815e-05	1.36429721174359	2.04831740659598	0.00280835320611726	14.6393944538826	0.011423480928198
"Li M42 2h K gef채llt"	0	0.012208036002095	0.00128862602244336	0.000100377184906114	0	0	0	5.42579377870889e-06	0	0.571968189873266	2.71289688935445e-06	19.4870449135815	0.337837049631309	0.152603162923077	0.206904507060396	17.4138274075617	0.000165486710250621	0.014863962056773	0.0511408192612207	5.20474151437051	0.00812241328672721	0.0383739264999186	4.5832439659883	0.195211921467278	2.71289688935445e-06	0.000151922225803849	29.6838829454442	0.325167821158024	0.000510024615198636	0.00617726621706007	5.42579377870889e-06	0	0	1.35644844467722e-05	0	0.00112042641530339	0.000233309132484482	0.00208350481102421	8.13869066806334e-06	3.93092248314925	2.72934247029771	0.00122894229087756	15.0347307772672	0.00476384693770641
"Li M43 2h B"	0	0.0143266054978701	0.00116305953602619	1.52532398167369e-05	0	0	3.81330995418422e-06	3.81330995418422e-06	0	0.510880574491923	0	21.3841422819159	0.208721520342274	0.43977378377625	0.413587784320867	12.0723215587347	0.000366077755601686	0.0264567444621302	0.0727808337855601	5.38023714745806	0.0157871032103227	0.0476206147078526	3.25547228091648	0.248593489223224	0	0.000175412257892474	31.2505631782139	0.986167713871491	0.00216977336393082	0.00620044198550355	2.28798597251053e-05	0	0	1.52532398167369e-05	0	0.00141473799300235	0.000205918737525948	0.00297056845430951	7.62661990836845e-06	2.69105664797776	2.37301134455898	0.00385144305372607	18.5757958463674	0.01411687345039
"Li M44 0h K"	4.16311951537625e-06	0.0196124560369375	0.00171520524033502	0.000120730465945911	0	0	0	4.16311951537625e-06	0	0.385588129514149	0	29.1112460054348	0.206045274174517	0.19756083660218	0.25775121855549	18.8441356778968	0.000328886441714724	0.0125393159803133	0.0594368573210268	5.59852565620235	0.00468767257431366	0.036702061647557	2.40363533587569	0.215066754164337	0	0.000378843875899239	24.9831050202267	0.355988349759823	0.00149872302553545	0.00698155142728598	2.08155975768813e-05	0	0	8.32623903075251e-06	0	0.00231053133103382	0.000287255246560961	0.00253533978486414	2.08155975768813e-05	2.3891518430817	2.18656195810495	0.00184426194531168	12.7083636113546	0.00623635303403363
"Li M45 0h K"	0	0.0172507948243744	0.00157399298958673	0.000109421972538115	0	0	0	0	0	0.325858634218507	0	27.555823723559	0.131584130514489	0.137526585330789	0.230451091240081	17.5692253900725	0.000492398876421518	0.00803409790674083	0.0414414678301084	3.79897096210195	0.00219264798816761	0.0256804952472145	1.4557667567967	0.108946407811315	0	0.000265137856534663	20.1671555303717	0.543991336473239	4.20853740531212e-05	0.00507970464821173	5.47109862690575e-05	0	0	4.20853740531212e-06	0	0.00179704547206827	0.000345100067235594	0.0036109250937578	2.52512244318727e-05	2.10951254026308	1.33005774450003	0.00114051363683958	24.4202908065679	0.00569835964679261
"Li M46 0h K ohne Narkose gef채llt"	8.69107437091396e-06	0.0179731417990501	0.00185699289058528	8.11166941285303e-05	0	0	0	5.79404958060931e-06	0	0.587887446646943	0	24.7755559013959	0.216202063075646	0.139259981669945	0.26121893129219	15.8762752558276	0.000449038842497221	0.0102236004849851	0.0704266726523061	5.30442631782471	0.00480037007753481	0.0431743604499103	2.30473676300124	0.234800962229402	5.79404958060931e-06	0.000324466776514121	33.2244274117413	0.592241674906771	0.00164840710568335	0.00575638825833535	3.76613222739605e-05	5.79404958060931e-06	0	2.02791735321326e-05	2.89702479030465e-06	0.00181353751873071	0.000353437024417168	0.00301000875712654	2.02791735321326e-05	2.59991172186059	1.79831944750724	0.00121964743671826	11.9161350722744	0.00538267206038605
"Li M47 10' gef채llt"	0	0.00756671265602707	0.000830904344056484	5.9049039679141e-05	0	0	0	0	0	0.595307111313809	0	15.7605640735436	0.237596464514669	0.141679735133002	1.48946141244375	10.5328808883439	9.27913480672216e-05	0.0104137199262714	0.0541521871743208	4.73476289090095	0.010485422331596	0.0373864776939933	2.64831568730109	0.241396691996877	0	0.000130751445003812	31.6193098289193	0.680101532293055	0.000476610105981638	0.00471126980868575	4.21778854851007e-06	0	0	4.21778854851007e-06	0	0.000814033189862444	0.000160275964843383	0.00141717695229938	8.43557709702015e-06	4.48796321177343	1.92826326187654	0.00110927838825815	24.7692627141123	0.00331096401058041
"Li M48 10' K"	5.35531884510728e-06	0.0183071574719992	0.00179403181311094	3.7487231915751e-05	0	0	0	5.35531884510728e-06	5.35531884510728e-06	0.605528579475703	0	29.0593872460243	0.246323245599555	0.147099898037407	0.286089165683899	7.46949161877874	0.000417714869918368	0.0087505909929053	0.0746451117225279	5.38883778575881	0.00508487524342937	0.0642316942282167	1.59491034781216	0.271051430366837	2.67765942255364e-06	0.000270443601677918	38.5977483187043	0.822807253318818	0.00262410623410257	0.00575161243964522	4.55202101834119e-05	2.67765942255364e-06	0	1.87436159578755e-05	0	0.00137363928377002	0.000310608493016222	0.00280618707483622	3.21319130706437e-05	2.05170833466212	1.83123253546848	0.00127992120398064	11.4320473365201	0.00793390486902644
"Li M49 10' K"	0	0.0183560796474042	0.00176356683582596	5.18696128184106e-05	0	0	0	2.88164515657837e-06	0	0.436272431770495	0	34.9737838009413	0.219290314770457	0.183598257861078	0.204815811148964	10.6585974070553	0.000397667031607815	0.0110194110787557	0.0579873454858265	4.89554338880145	0.00294504135002309	0.0354816968129494	1.31258936882145	0.178131776999048	5.76329031315674e-06	0.00026511135440521	31.2724345080581	0.562695968079901	0.000250703128622318	0.00680644585983811	1.72898709394702e-05	0	0	1.44082257828918e-05	0	0.00146387573954181	0.000273756289874945	0.00358764821994007	2.88164515657837e-05	1.75626474699919	1.80975672604076	0.00140336119125367	11.385175416835	0.00892733669507978
"Li M5 1h"	0	0.0179909290045913	0.00149811121074955	0.000135944755966384	0	0	0	8.15668535798305e-06	2.71889511932768e-06	0.505211496597874	0	21.5351229862299	0.185771227923183	0.125118115601221	0.254975265395431	17.2594211483167	0.000473087750763017	0.0155683934532703	0.0608679050363889	5.60714477784805	0.0108429537358788	0.0491956882891151	3.92790349314401	0.231108804037973	0	0.000386083106944531	24.9469149322427	0.829382642780194	0.000989677823435277	0.00733557903194609	2.99078463126045e-05	0	0	1.08755804773107e-05	0	0.00202557686389912	0.00032898630943865	0.00277599191683357	2.99078463126045e-05	2.49423553451276	2.56346947983132	0.00148723563027224	19.3566572119808	0.00557917278486041
"Li M50 0h K gef채llt"	0	0.0124495483696188	0.00114796671806124	0.000167126419574548	0	0	0	1.36988868503728e-05	0	0.398062254098132	0	17.2337859701261	0.177249896956973	0.111232221447657	0.248393695925699	21.6110323820863	0.000200003748015442	0.011613916271746	0.0493242119934522	3.97586902724424	0.0137235448467034	0.0377924890428084	2.53060906675621	0.189129571633616	5.4795547401491e-06	0.000139728645873802	22.7553880735738	0.625395281380068	0.00033699261651917	0.00527407143739351	1.09591094802982e-05	2.73977737007455e-06	0	3.56171058109692e-05	0	0.00113700760858094	0.000235620853826411	0.00249867696150799	1.09591094802982e-05	5.46789972721681	1.87740778484726	0.00098084029848669	22.6566437573789	0.00480008995237061
"Li M6 1h B"	0	0.0155432911058644	0.00189163927770843	0.000241280520115871	0	0	0	4.82561040231741e-06	0	0.383804923348315	0	43.1211237379641	0.340408209000275	0.868542313871502	1.56545214256378	3.43279447189654	0.000332967117759901	0.0123873419027488	0.262107854612273	6.61206102447612	0.00174204535523659	0.0504421055354239	2.23276167704824	0.307796733901414	0	0.000207501247299649	23.9565112130055	0.80046742792601	0.00307391382627619	0.00749417295479894	9.65122080463482e-06	0	0	9.65122080463482e-06	0	0.000912040366037991	0.000361920780173806	0.00242728203236566	4.82561040231741e-06	0.952556190975848	2.34168535504935	0.00423688593323469	12.7052338136119	0.015369569131381
"Li M7 K"	0	0.00912181316696279	0.000972376022874206	9.53309826347261e-05	0	0	0	0	0	0.347413338144552	0	21.3702074663661	0.172192268319564	0.12026956769197	1.41670828544994	22.3381083805412	0.000152529572215562	0.00990897470928953	0.0408779253537706	3.32795830015815	0.00924982905792942	0.0290459885376205	1.8373821218781	0.152396108839873	0	0.000133463375688617	20.1341323268125	0.631859200387687	0.00016342454165953	0.00384592421372095	2.45136812489296e-05	0	0	2.17899388879374e-05	0	0.00122296032008549	0.000209728161796397	0.00190661965269452	8.17122708297652e-06	5.70404218619329	1.4727111521343	0.00111673436800679	20.8629186228584	0.00362257734011959
"Li M8 2h B"	0	0.0194434715970173	0.00166988759399888	4.79528532060488e-05	0	0	0	2.82075607094405e-06	8.46226821283214e-06	0.301310342742172	2.82075607094405e-06	27.4982054349877	0.15731638683262	0.186818674578624	0.286360335566169	19.1551536567379	0.000448500215280103	0.0156664792180232	0.0656389937708679	4.29058718212336	0.00354851113724761	0.0419756710917184	1.90261407363211	0.147404249999323	8.46226821283214e-06	0.000349773752797062	21.9131281598109	1.04043869752378	0.00154013281473545	0.0076019376111942	1.97452924966083e-05	0	0	1.41037803547202e-05	0	0.00193785942073856	0.000377981313506502	0.00325515250586943	3.66698289222726e-05	1.99839284602102	1.89366099386294	0.00157962339972867	19.0564695055959	0.00696444673916085
"Li M9 1h K"	3.24369785188056e-05	0.038184811112338	0.0032372104561768	9.73109355564168e-05	0	0	0	1.94621871112834e-05	0	0.349119199797905	0	26.8977740837105	0.185481130566234	0.0648285452676849	0.122715577132345	15.4235562268424	0.000973109355564168	0.0222582546596044	0.0716338233609303	7.79716197197627	0.0166920691457774	0.0374128110235904	2.55653343675107	0.238664800545668	0	0.000551428634819695	19.5791418810308	0.979421591583927	0.00181647079705311	0.00990625323964323	3.89243742225667e-05	0	0	0.000149210101186506	0	0.00966621959860407	0.000707126131709962	0.00680527809324541	3.89243742225667e-05	3.85036017372208	3.13656499922865	0.00157643715601395	18.5877510443734	0.00912776575519189
"Maus 1 -0 min"	0	0.0183716181875289	0.00178993298824272	2.77816650059846e-05	0	0	0	3.96880928656922e-06	0	0.40351280897478	0	28.7523801941494	0.182716041935074	0.112110924727007	0.221622279371312	12.8163012015094	0.000381005691510646	0.010088713206459	0.0602147744958283	4.65646105879735	0.00768758358808459	0.0364773261528577	1.56063900052047	0.233552520086739	1.19064278597077e-05	0.000333379980071815	27.1810730342666	0.854532265109793	0.00291707482562838	0.00479829042746219	4.36569021522615e-05	0	0	3.17504742925538e-05	0	0.00189709083898009	0.000265910222200138	0.00392515238441696	2.77816650059846e-05	3.35337396811951	1.95699207754228	0.000924732563770629	17.5559246900975	0.0085885032961358
"Maus 10 - 1h"	1.79772016723831e-05	0.0159862265871667	0.00163592535218686	7.19088066895325e-05	0	0	0	0	0	0.488930448184222	0	26.5623132056389	0.210086073043887	0.232746335751926	0.401179232520902	10.4684975607634	0.000391004136374333	0.00597741955606739	0.048376649700383	4.6124510817871	0.00275051185587462	0.0204850213056806	1.30590437818567	0.163165576678967	8.98860083619156e-06	0.000422464239301003	32.2637287844302	0.836924129557378	0.00011685181087049	0.00428756259886337	1.34829012542873e-05	0	0	4.49430041809578e-06	0	0.00154603934382495	0.000233703621740981	0.00253927973622411	2.69658025085747e-05	1.8887657051081	1.23896626775855	0.0019145719781088	19.212612948511	0.0069212226438675
"Maus 2 - 0 min"	0	0.0139361195503858	0.00152325027643752	2.59276642797875e-05	0	0	0	0	3.24095803497344e-06	0.480650281376736	0	31.4371600599629	0.17513164933586	0.189469647682582	0.298054705686332	11.0947035810058	0.000298168139217556	0.00800516634638439	0.0522798940621565	4.14242403048523	0.00535082171574115	0.0548208051615757	1.45746206928559	0.223629345371202	0	0.000239830894588034	28.6164311257202	0.882636029328596	0.00145519015770307	0.00388914964196813	2.26867062448141e-05	0	0	1.29638321398937e-05	0	0.00112785339617076	0.000243071852623008	0.00262841696636346	1.62047901748672e-05	2.01867932645373	1.38085554421292	0.00128666033988445	17.4483360500124	0.0072111316278159
"Maus 3 unbestrahlt"	0	0.0113378915730951	0.0014133789712786	1.85158817198069e-05	0	0	0	0	6.17196057326898e-06	0.522413258803206	0	28.7061712878296	0.207859288186553	0.167053370856385	0.249229939909175	11.1405616496466	0.000249964403217394	0.00734463308219009	0.0543410268673467	4.17682185629491	0.00435123220415463	0.0399788746133498	1.45021014599958	0.253081243306894	3.08598028663449e-06	0.000154299014331724	32.0769227493344	0.587536700792054	0.00127142387809341	0.00372477820596783	1.85158817198069e-05	0	3.08598028663449e-06	6.17196057326898e-06	0	0.00093505202685025	0.000216018620064414	0.0020583488511852	2.46878422930759e-05	1.79800938224415	1.35079220508536	0.00133005750353947	17.1782944243681	0.00625528204100811
"Maus 4 unbestrahlt"	3.00470621124455e-06	0.0160751782301583	0.00170366842177566	0.000369578863983079	0	0	0	2.70423559012009e-05	6.0094124224891e-06	0.420893236658714	0	39.8292046867167	0.358509526300854	1.00391441106376	1.14284301215308	3.00660218086384	0.000378592982616813	0.0127579825729444	0.212826345648663	7.37327861883511	0.00241578379384062	0.0471618686916944	2.48638237098002	0.358479479238742	0	0.000156244722984717	26.9345951176409	0.458671407852692	0.00306179562925819	0.00724735138152185	9.01411863373364e-06	0	0	1.20188248449782e-05	0	0.00103361893666812	0.000444696519264193	0.00227456260191212	3.00470621124455e-06	0.829187740173679	2.3234311437318	0.00473842169513265	13.1451720200315	0.0161292629419607
"Maus 5 - 10 min"	0	0.01585727720069	0.00170355036656727	7.00431868779493e-05	0	0	0	0	0	0.450022472606047	2.50154238849819e-06	26.5186032077728	0.244375675932388	0.194522437672008	0.409227319334419	10.7419732321456	0.000340209764835754	0.00734452845263068	0.0674265735395802	4.62286784474137	0.00602121252911514	0.0370903689942626	1.51279775327473	0.278739363723188	0	0.000292680459454288	32.4804591390937	0.897260728533696	0.00178610126538771	0.00427263439955491	4.25262206044692e-05	0	0	1.00061695539928e-05	0	0.0013783498560625	0.000275169662734801	0.00258909637209563	2.50154238849819e-05	1.91408517706805	1.29699469450376	0.00215632953888544	18.2833680676663	0.00601871098672664
"Maus 6 - 10 min"	3.80981741945294e-06	0.0176223104736795	0.00174299146939972	6.66718048404264e-05	0	0	0	1.90490870972647e-06	1.90490870972647e-06	0.56973533617467	0	23.26645021062	0.223194343701231	0.17068934493504	0.409829679445391	11.253170101452	0.000407650463881464	0.00748057650309584	0.0592064676070083	4.81495773940978	0.00766725755664903	0.03440265129766	1.65978315205016	0.260300060457993	0	0.000293355941297876	33.789737395762	0.955883190540742	0.00120009248712767	0.0046994097868952	4.57178090334352e-05	0	0	2.09539958069911e-05	0	0.00141725208003649	0.000344788476460491	0.00300785085265809	3.80981741945294e-05	2.14655780900753	1.37835003436646	0.00196967560585717	18.9530911277467	0.00662908230984811
"Maus 7 - 30 min"	0	0.0183933913626798	0.00166588138392151	1.71740348857888e-05	0	0	0	0	0	0.387145681412894	0	35.996382117811	0.229178908533409	0.172040894468389	0.255472355943551	8.60141787114614	0.000145979296529205	0.00635439290774186	0.0380748353417938	3.77078262162845	0.0020007750641944	0.0214074344851357	0.962183891493761	0.147516372651483	0	8.5870174428944e-05	28.4002206176521	0.520922826155746	0.000266197540729726	0.004147529424918	3.43480697715776e-05	0	0	0	0	0.00178609962812204	0.000343480697715776	0.0030655652271133	3.43480697715776e-05	1.54947577546564	1.16887340134423	0.0016830554188073	17.7315899283559	0.00729037780901735
"Maus 8 - 30 min"	0	0.0207058431775185	0.00230155608043367	9.79385566141988e-05	0	0	0	2.8565412345808e-05	0	0.381988936207721	4.08077319225828e-06	37.6107725883039	0.174979473710843	0.203361251262999	0.2910203402059	8.28228830172911	0.000510096649032285	0.00767593437463783	0.0424114757871403	4.44081573023804	0.00255456401835369	0.0369922089878213	1.10213114299192	0.151098788989747	0	0.000346865721341954	24.6931829867669	0.607729147657065	0.000228523298766464	0.00501527025328543	3.26461855380663e-05	0	0	1.63230927690331e-05	0	0.00150172453475105	0.000330542628572921	0.00330950705892147	4.48885051148411e-05	1.51813332375712	1.3390812384004	0.0017506516994788	19.0687267497947	0.00883079318804693
"Maus 9 - 1h"	5.57886264898736e-06	0.017640363696098	0.00174618400913304	6.41569204633547e-05	0	0	0	5.57886264898736e-06	2.78943132449368e-06	0.450197479185333	2.78943132449368e-06	26.340541419136	0.247358401562126	0.184052257652742	0.49401386643048	10.4626715371253	0.000362626072184179	0.00798056301937642	0.0654679531858667	4.50992746055946	0.00897081113957168	0.0537049212904768	1.55800060368873	0.238490799381561	0	0.000329152896290254	30.3997274614019	0.98475015105468	0.00306279559429406	0.00435988116018362	2.51048819204431e-05	0	0	5.57886264898736e-06	0	0.00175176287178203	0.000337521190263735	0.00299584924250621	3.34731758939242e-05	2.40474363996408	1.4859886446156	0.0015871864236369	20.0612525645683	0.00784109145315174
"Re M1 10'"	0	0.0147251772128263	0.00131258805091516	0.000138874503680443	0	0	0	8.95964539873827e-06	0	0.343373930083945	4.47982269936913e-06	22.9718767482508	0.112385312059073	0.161089944446615	0.633151261392637	19.9913028722114	0.000421103333740699	0.00875357355456729	0.082791603307041	5.25687482551091	0.00164857475336784	0.0295892289293331	2.32320469313394	0.137046736019101	0	0.000228470957667826	29.6745605921107	1.01814722417642	0.00127226964662083	0.00501292160059406	8.95964539873827e-06	0	0	4.47982269936913e-06	0	0.00147834149079181	0.00020607184417098	0.00220407276808961	4.47982269936913e-06	2.97487106174307	1.44942871509009	0.00110651620674418	12.7967658547197	0.00499948213249595
"Re M10 1h"	0	0.0146187082846383	0.00138781514628796	3.49869364610411e-05	0	0	0	5.83115607684018e-06	0	0.373083196952311	0	23.3445668611435	0.142070286656134	0.213834324493806	0.43833966460823	7.43925480624293	0.000384856301071452	0.0103328085681608	0.105952105916186	5.90087921005095	0.00260652676634756	0.0514133031294998	2.18334810753911	0.206032237662994	0	0.000256570867380968	39.3640646143407	0.810921382137933	0.00625683047044951	0.00576118220391809	0	0	0	0	0	0.00130034780513536	0.000256570867380968	0.0020467357829709	1.74934682305205e-05	1.44264550687849	1.67870819833721	0.000903829191910227	16.2548723682389	0.00384273185463768
"Re M11 30' K"	0	0.0244114371364501	0.0022561989542931	8.26213701572119e-05	0	0	0	1.27109800241865e-05	0	0.42188378249276	0	36.0946136713708	0.157126779568981	0.168553950610724	0.249599159244937	14.646290287769	0.000641904491221416	0.0131367978549967	0.0518163100685961	5.37442479637646	0.00367347322698988	0.0301186671673098	1.73335185746822	0.127078022791804	0	0.000330485480628848	22.9242969620504	0.653821034994091	0.000247864110471636	0.00934892580778914	0	0	0	1.27109800241865e-05	0	0.00198291288377309	0.000317774500604661	0.00447426496851363	3.17774500604661e-05	2.11059467811604	2.12792609937902	0.00164607191313215	13.0575385390559	0.00835746936590259
"Re M12 30'"	0	0.0261262035007286	0.0023886539992388	6.88880764367998e-05	6.40819315691161e-06	0	0	0	1.6020482892279e-06	0.277694244309897	0	31.0205619533621	0.142412480622625	0.162636738225838	0.518975533053933	16.1334897765529	0.00066485004002958	0.0154309291218432	0.080185720972435	4.51764160356639	0.00363184347167966	0.042922077764994	1.42525264822187	0.128620446900662	6.40819315691161e-06	0.000462991955586864	20.8740147463098	1.31963601270623	0.00158762985462485	0.00813359916441006	4.32553038091534e-05	1.6020482892279e-06	0	2.88368692061022e-05	0	0.00411245795844803	0.000525471838866752	0.0041396927793649	2.88368692061022e-05	3.3231191540557	2.06331323675898	0.00145465984661894	17.8925868595738	0.00809194590889013
"Re M13 2h K"	0	0.0138123549695507	0.00139798824869564	4.04376766151631e-05	0	0	0	0	5.7768109450233e-06	0.458190648509996	0	28.8368986173723	0.14632662123744	0.145356116998676	0.452327185400797	15.1240145554839	0.000306170980086235	0.0123623754223499	0.0608875873605456	4.51539517228443	0.00821751356929565	0.0334910614537726	2.12929785346992	0.188737078790329	5.7768109450233e-06	0.000193523166658281	25.1377899388634	0.824232497230452	0.000976281049708938	0.00562083704950767	2.31072437800932e-05	2.88840547251165e-06	0	2.88840547251165e-06	0	0.00137776941038806	0.000309059385558747	0.00307037501727989	8.66521641753495e-06	3.11327939216857	1.83194228688579	0.00104849118652173	16.9471183216238	0.00593278484053893
"Re M14 2h"	3.10061867264499e-06	0.0260296937568547	0.00265102896511147	8.68173228340597e-05	0	0	0	1.240247469058e-05	3.10061867264499e-06	0.475436464788692	0	25.4062368572526	0.156305287906707	0.168279877220462	0.315993350785269	10.6581720463848	0.000697639201345123	0.0138907716534496	0.101455343587617	5.91509054984759	0.0037765535432816	0.0442334259839534	1.98289835167391	0.181091633575831	3.10061867264499e-06	0.000496098987623198	33.1523636574253	1.34613049611015	0.00295488959503068	0.00881505888632971	3.72074240717399e-05	0	0	9.30185601793497e-06	0	0.00199369780651073	0.000372074240717399	0.00351610157477942	2.79055680538049e-05	2.0995560286135	2.24808806550789	0.00167433408322829	15.6747436129426	0.00687407159725394
"Re M15 10' K"	0	0.0168219877154269	0.00152010104045525	9.0440794168962e-05	0	0	0	3.47849208342161e-06	0	0.524514864274978	3.47849208342161e-06	29.9748063253874	0.19804794676961	0.157133922884405	0.385629110860204	14.8659376976327	0.000434811510427702	0.0107937609348573	0.0762902883736029	5.03755919219535	0.00502642106054423	0.0368963655288531	2.05534705280758	0.20371093188142	3.47849208342161e-06	0.000288714842923994	28.7397398832319	0.826934966007654	0.00167663318420922	0.0052455660617998	3.82634129176378e-05	0	0	0	0	0.00162445580295789	0.000292193335007416	0.00389591113343221	4.5220397084481e-05	2.95040828626905	1.74338544729008	0.00155488596128946	12.1675357273313	0.00676218861017162
"Re M16 10'"	0	0.0297792655146517	0.00224097056100524	2.22982145373656e-05	0	0	0	0	0	0.225200817720124	0	49.5401996671323	0.128616101451525	0.184060611898684	0.172866908200927	7.45283258678911	0.000379069647135215	0.0152965751726328	0.0480638014352915	4.5142958313042	0.00338932860967957	0.0247956145655505	1.48564084176652	0.0566597631394459	0	0.000914226796031988	13.9954186088412	0.747525344150643	0.000301025896254435	0.0107811867288163	0.000167236609030242	0	0	0	0	0.00332243396606747	0.000457113398015994	0.00405827504580053	4.45964290747311e-05	1.1985624787052	2.12527627487812	0.000903077688763305	18.0198561140812	0.00807195366252634
"Re M17 2h K"	0	0.0231783701455906	0.0021978641185997	8.85045953798536e-05	0	0	0	0	0	0.387183020177032	0	32.7522957477426	0.152444248619832	0.184566499820754	0.204509535313014	8.90334595064679	0.000565446026037954	0.0122185510843853	0.0462780695397323	5.4237091125364	0.00307307622846714	0.0345757952617295	1.75895016242314	0.129895244485832	0	0.000521193728348027	22.3670485197434	0.513749508492188	1.47507658966423e-05	0.00745897062173544	1.96676878621897e-05	0	0	0	0	0.00188318111280466	0.000196676878621897	0.00308291007239823	5.40861416210216e-05	1.05457650624865	1.90463856026231	0.00197660263015006	24.1193952559669	0.00630841088179734
"Re M18 1h K"	2.36134746231419e-06	0.0206854037698723	0.00208743115668575	8.26471611809968e-05	0	0	0	9.44538984925677e-06	2.36134746231419e-06	0.589151469152467	0	26.3291682469985	0.224965572734673	0.160248122835028	0.28568526138062	6.88822292593525	0.000469908145000524	0.011221123140917	0.0730388383568403	5.25866412623461	0.00790579130382792	0.050745356965132	1.46671319465706	0.268178231295023	4.72269492462839e-06	0.000406151763518041	33.0398390958948	0.820447814433604	0.0010649677055037	0.00677942856430405	2.36134746231419e-05	0	0	7.08404238694258e-06	0	0.0014970942911072	0.000325865949799359	0.00320198715889805	5.19496441709122e-05	1.96602483825832	1.84574488257043	0.00176864924927333	20.6684799926099	0.00708404238694258
"Re M19 2h"	5.26074238333936e-06	0.0284974414905493	0.00271717344099478	8.68022493250994e-05	0	0	0	0	5.26074238333936e-06	0.438890585186044	2.63037119166968e-06	29.6884209587135	0.191170117468169	0.101982121472225	0.163827408930763	9.43154837747131	0.000607615745275695	0.0180943234274957	0.063775979913223	6.55390388118634	0.0146801016207085	0.0353022117633987	1.93600580449272	0.283543492977225	2.63037119166968e-06	0.000615506858850705	25.6230560241708	0.796736803585554	0.00212007918048576	0.00906688949768538	4.20859390667148e-05	0	0	0.000110475590050126	0	0.00240678964037776	0.000510292011183917	0.00493720672676399	4.20859390667148e-05	2.00091284401836	2.63385643349864	0.00145459526899333	19.9625813915758	0.00848031672194304
"Re M2 30'"	0	0.0158168235319887	0.00135595697171428	0.00013639803857481	0	0	0	1.33723567230205e-05	2.67447134460411e-06	0.296034558662884	0	23.697062416839	0.169483923578907	0.174035873807423	1.26311804792904	21.9077795744579	0.00034500680345393	0.0118265122858394	0.079188422042383	3.94977160950782	0.00341529990705945	0.0414623292553975	2.18538809534501	0.143394455612294	0	0.000256749249081994	22.9798761810699	1.25826388243858	0.000633849708671174	0.00524463830676866	2.67447134460411e-05	0	0	8.02341403381233e-06	0	0.00301412920536883	0.000267447134460411	0.00250865412123865	1.60468280676247e-05	4.54262969588025	1.75192850111099	0.00142816769801859	15.5082911687325	0.00597476898384558
"Re M20 1h"	5.30147514341087e-06	0.0227883909039516	0.00207022604350194	7.9522127151163e-05	0	0	0	2.65073757170543e-06	5.30147514341087e-06	0.574192169832544	0	27.836068527822	0.191094322281816	0.128017371025514	0.246107729844991	7.40545567915091	0.000591114478490312	0.0161376903365427	0.0554534300000777	5.92918570481614	0.0103140198915058	0.0412348736654497	1.85921938058148	0.268042583250853	0	0.00042941948661628	28.2369634274291	0.620781533392839	0.00242012340296706	0.00973615910087406	3.44595884321706e-05	0	0	4.24118011472869e-05	2.65073757170543e-06	0.00183696113719187	0.000397610635755815	0.00333727860277714	4.24118011472869e-05	1.34135008267253	2.40070144877917	0.00157453811759303	22.7875771275171	0.00670636605641475
"Re M21 direkt K"	3.10492761327009e-06	0.0164716409883978	0.00141895191926443	9.00429007848326e-05	0	0	0	9.31478283981027e-06	6.20985522654018e-06	0.327265580293894	0	23.8072529246089	0.154858264711846	0.139867674194978	0.913305142660557	21.6446646321111	0.000425375083018002	0.0125966913270367	0.0782441758544062	4.04350686670266	0.00338126617085113	0.031614372958316	2.05171753728319	0.152582352771319	3.10492761327009e-06	0.000276338557581038	22.9375502804215	1.21579029567294	0.000614775667427477	0.00576895550545582	3.10492761327009e-05	0	0	4.96788418123214e-05	0	0.00196541917919997	0.00035706667552606	0.00330364298051937	2.79443485194308e-05	4.28094378621704	1.73900785764031	0.00133201394609287	16.4281099032598	0.00558576477627289
"Re M22 0h"	0	0.0275870594079033	0.00183675704714686	5.95061678341314e-05	0	0	0	0	0	0.221366911420824	3.96707785560876e-06	27.2211797843584	0.131913272854703	0.343862341446312	0.34072041578467	25.2459637858951	0.000674403235453489	0.0501597324063172	0.0626322251843511	5.23851837417566	0.00451850167753838	0.0340573633904012	3.58428657916536	0.110677505093629	0	0.000400674863416485	12.7580311408471	1.07509793425925	0.00139244432731867	0.00802936557975213	6.34732456897402e-05	0	0	3.17366228448701e-05	0	0.00355846883648106	0.000579193366918879	0.00676783482166854	3.17366228448701e-05	2.42192880039414	2.57761280375965	0.00419716837123407	18.5107621466668	0.0114965916255542
"Re M23 0h"	4.13626152522741e-06	0.021243839193568	0.00191095282465506	3.72263537270467e-05	0	0	0	0	8.27252305045482e-06	0.379125595140819	0	29.7250821368473	0.149670623290354	0.148835098462258	0.272927080480605	8.46858598301213	0.000645256797935476	0.012458419713985	0.0688149829952084	4.96855593307215	0.00630366256444657	0.0564847873885055	1.40223401966734	0.220276607525986	4.13626152522741e-06	0.000413626152522741	25.3393957691256	0.97681538553618	0.00316424006679897	0.00723845766914797	8.27252305045482e-06	0	0	1.24087845756822e-05	0	0.00181581880957483	0.000785889689793208	0.00362750135762444	5.37713998279563e-05	1.68041001602346	2.03653386082249	0.00134428499569891	24.0372716871534	0.00790025951318435
"Re M24 direkt K"	0	0.0093676610856983	0.000780019360823411	0.000118860093077853	0	0	0	4.95250387824388e-06	4.95250387824388e-06	0.412655004394976	0	20.6626187706385	0.149469043297339	0.123592210533515	0.606349907325033	26.8939879153458	0.000183242643495024	0.012713077455452	0.0450752140478367	3.63356295039773	0.00656206763867314	0.0223902700335406	2.05674266935948	0.148131867250214	0	0.000136193856651707	21.5197733793655	0.741907367228385	0.000386295302503023	0.00415267450190749	1.23812596956097e-05	0	0	2.47625193912194e-05	0	0.00130993727579551	0.000262482705546926	0.00198100155129755	4.95250387824388e-06	4.96394663845456	1.67820546418172	0.00120593469435238	16.2979597689786	0.00442010971133266
"Re M25 K"	0	0.0149390131853064	0.00142881103791453	0.00013229731832542	0	0	0	0	0	0.422028445458089	0	24.0273335785067	0.191929011587419	0.130995512713098	0.605162331323234	20.4784685982128	0.000388954115876734	0.0102239367601884	0.0528924678665028	4.14782256738769	0.00685035514289023	0.0371570248248774	2.11086192470213	0.176960892992081	5.29189273301679e-06	0.000272532475750365	22.5156276868758	0.782062367548886	0.000201091923854638	0.00504846566729802	4.23351418641343e-05	0	0	2.64594636650839e-06	0	0.00183099488562381	0.000439227096840393	0.00248189769178487	2.11675709320672e-05	3.63186567186492	1.64805944573615	0.00141028941334897	18.9894490507284	0.00560411440426478
"Re M26 10' K gef채llt"	0	0.0117722809292444	0.00104096449962579	9.38208347302213e-05	0	0	0	0	0	0.408415496557043	0	17.6896994731022	0.223454422374607	0.126260505252895	0.367969781470725	15.1620321557061	0.000187641669460443	0.0226733683931368	0.0541927012036945	5.43644826844267	0.0130500313450941	0.0351381364358662	4.66869450721009	0.17964456021439	0	0.000102756152323576	24.9737927134987	0.713601268958063	0.00118839723991614	0.00634407549128163	4.46765879667721e-06	0	0	0.000209979963443829	0	0.00169771034273734	0.000406556950497626	0.00301566968775711	1.34029763900316e-05	4.26434011249922	3.05328290716634	0.000924805370912182	22.5754328446549	0.00487421574717483
"Re M27 30' K"	0	0.0121779114179568	0.00147762240652801	0.000191899013834806	0	0	0	0	0	0.486498541893723	0	25.0832160478544	0.175407212585843	0.160707748126097	2.06829908505237	15.7454253865738	0.000230278816601767	0.0226402456522304	0.0552093462802737	4.13219600672736	0.0103702227076329	0.040314144826416	2.21119092873404	0.161360204773135	0	0.000165033151897933	22.0456964516068	0.896260506135184	0.000276334579922121	0.00622136602852441	1.15139408300884e-05	0	0	1.53519211067845e-05	0	0.00127420945186311	0.000449043692373446	0.00224521846186723	3.83798027669612e-06	4.67798366793549	2.14268298079502	0.00161195171621237	19.8539180271123	0.00427167204796278
"Re M28 10' B"	0	0.0218116153983281	0.00194192894837726	0.000104439876215248	0	0	0	3.26374613172649e-06	6.52749226345298e-06	0.532953424580277	0	24.8593080636266	0.167371429127198	0.149822266176905	0.336746798379276	15.446357427591	0.000489561919758974	0.0137501624529637	0.0765674842503035	5.38958717462654	0.0080940904066817	0.0413157622815256	1.88603403212531	0.23920974523263	3.26374613172649e-06	0.000326374613172649	26.3544693315241	0.774819859164132	0.00124348727618779	0.00683428439983527	2.93737151855384e-05	0	0	9.79123839517947e-06	0	0.00177221414952748	0.000447133220046529	0.00280355792715306	3.91649535807179e-05	2.2274936799188	1.87410830375999	0.00190929148706	19.5759460343494	0.00626965631904659
"Re M29 30' B"	0	0.0161011692294481	0.0015380758973097	6.84389743533589e-05	0	0	0	3.60205128175573e-06	0	0.389439376378302	0	19.9159720681095	0.193296877932858	0.097442691274056	0.927167999923925	19.8908297501628	0.000284562051258703	0.0266551794849924	0.0502810338420282	5.52779794826439	0.0124378830759025	0.0277610092284914	5.04720506214997	0.170892118960337	0	0.000190908717933054	17.905379083659	0.906492225566647	0.000778043076859237	0.00798574769165245	3.60205128175573e-06	0	0	0.00024493948715939	0	0.00194870974342985	0.000309776410230993	0.00281320205105122	2.16123076905344e-05	6.21538991538745	3.4768043566378	0.00142281025629351	19.1814381686825	0.00360205128175573
"Re M3 10'"	0	0.0126587088536595	0.000951151604473863	0.000149200251682175	0	0	0	0	9.32501573013591e-06	0.259883525891023	0	12.1434924095538	0.140099036329562	0.270905694484043	0.527791227817827	43.5932316238326	0.000307725519094485	0.118511624914297	0.0374819007272813	4.45348297496909	0.00680259897513415	0.0214988237658283	5.73041799149885	0.0932548198092242	0	0.000144537743817107	10.6434284166333	0.96740510689149	0.000102575173031495	0.00683989903805469	2.33125393253398e-05	0	0	1.86500314602718e-05	0	0.004116994444855	0.000326375550554757	0.00403306930328378	0	3.51862683548364	2.68905478609929	0.00291406741566747	14.7457546117448	0.00628039809424654
"Re M30 1h K gef채llt"	0	0.0128717561416582	0.00126439666639013	4.95194516862974e-05	0	0	0	3.3012967790865e-06	0	0.465803071638767	0	19.6468523604288	0.198447551984447	0.137954589804466	0.313012454109086	16.1450612253549	0.000346636161804082	0.00837538992854244	0.0549368797007784	4.40831402542401	0.00563201230512156	0.0505395523910352	1.93258903836757	0.26316287274488	0	0.00018817391640793	28.0869708149188	0.590222344648979	0.000736189181736289	0.004694444019861	4.6218154907211e-05	3.3012967790865e-06	0	3.3012967790865e-06	0	0.00165064838954325	0.00032022578757139	0.0020302975191382	9.90389033725949e-06	2.45189292560822	1.55900108965903	0.00125119147927378	23.6516290727645	0.00413322356741629
"Re M31 1h B"	0	0.0202364464047129	0.00191906352210068	0.000107195646329875	0	0	0	0	7.84358387779571e-06	0.435141117316432	0	31.1693146867291	0.177675476527788	0.171029346455335	0.237440971148632	12.3954221497893	0.000460156920830682	0.0146492001557631	0.0829589721474859	5.49708163774659	0.00539377117996418	0.0336411312518658	2.98781195959341	0.2252415836907	5.22905591853047e-06	0.000360804858378603	25.0068278397656	0.593317444324019	0.00123928625269172	0.00741741582043547	1.04581118370609e-05	2.61452795926524e-06	0	1.83016957148567e-05	2.61452795926524e-06	0.00192429257801921	0.000339888634704481	0.00287336622723249	2.35307516333871e-05	1.56806052904137	2.19281767207555	0.00192690710597848	17.1615366752125	0.00576241962222058
"Re M32 2h K gef채llt"	0	0.0166283517673411	0.00154222875941113	3.83345580733169e-05	0	0	0	8.84643647845775e-06	8.84643647845775e-06	0.531063377050457	0	20.6159419862491	0.226769552688786	0.153532853895794	0.210677884734471	9.50016159490634	0.000374499144254711	0.0222635318041187	0.0557856284331546	5.56711260570017	0.0110226598521584	0.0591767624165634	4.57550374558121	0.244633456750952	5.89762431897183e-06	0.000232956160599387	28.0732461349919	0.574859135243141	0.00212314475482986	0.0083127014775908	2.94881215948592e-05	2.94881215948592e-06	0	4.12833702328028e-05	0	0.00143312270951016	0.000241802597077845	0.00273944649616242	1.76928729569155e-05	1.94024762944991	2.9739389878969	0.0011942689245918	24.6230592392772	0.00602737205398921
"Re M33 2h B"	0	0.00982672533166868	0.00102790013929589	4.11160055718355e-05	0	0	0	0	5.13950069647944e-06	0.446586634019188	0	26.7487061178509	0.163420703645957	0.156950072269089	0.649339936495302	13.1785637798931	0.000287812039002848	0.0122628486617999	0.0405712184980087	4.14577309731444	0.00492878116792378	0.0266483111112459	2.56870189009764	0.132506606956633	0	0.000159324521590863	21.38634125267	0.532061670102337	7.70925104471916e-05	0.00797650508093609	2.56975034823972e-05	0	0	5.13950069647944e-06	0	0.00116152715740435	0.000118208516019027	0.00140822319083537	0	2.46480174401761	2.16472685635296	0.00152643170685439	25.1496378476532	0.0038237885181807
"Re M34 10' K"	0	0.0146414415545028	0.00155980252543094	6.06788167787779e-05	0	0	0	0	3.56934216345752e-06	0.428702979226393	0	30.2959266631537	0.179013217523885	0.16996493513952	0.38511417272625	13.2102459965634	0.000235576582788197	0.0109007709671993	0.0643623778914661	4.38951631380329	0.00405477269768775	0.033273407647751	1.72710116197436	0.173559262698122	0	0.000217729871970909	23.8220537302356	0.578704583645695	0.000928028962498956	0.00615711523196423	2.49853951442027e-05	0	0	3.56934216345752e-06	0	0.00122428436206593	0.000249853951442027	0.00243072201331457	1.07080264903726e-05	2.7436747955222	1.72740812540041	0.00132422594264274	20.0217715594602	0.00557888180148411
"Re M35 30' K gef채llt"	0	0.0126539833542601	0.00104931680148963	3.88635852403565e-05	0	0	0	0	3.88635852403565e-06	0.42599541689512	0	15.2380464550425	0.232800648306784	0.129897647307368	0.156550294065204	17.7890521902195	0.000252613304062317	0.0179510900225207	0.056799129828781	5.0173976725687	0.0100190322749639	0.0325327072047024	4.06701201366692	0.225960657304481	0	0.00015156798243739	25.231786308732	0.595829284395478	0.000567408344509205	0.00623371907255318	2.72045096682496e-05	7.7727170480713e-06	0	6.60680949086061e-05	0	0.00143406629536916	0.000190431567677747	0.00240565592637807	3.10908681922852e-05	4.11232695405718	2.62363011691566	0.00122808929359527	24.0050144906764	0.00505615243977038
"Re M36 10' B"	2.61514653646724e-06	0.0208034906975969	0.00182537228245413	7.84543960940171e-05	0	0	0	7.84543960940171e-06	1.0460586145869e-05	0.461782575409385	0	26.6398335197715	0.191329350901016	0.140658271610427	0.218032612184883	9.81982817179682	0.000536105039975784	0.0112634361325644	0.0684357697128111	5.58228656644989	0.00832401142557522	0.0270850726781912	1.634895469324	0.28447302509037	5.23029307293448e-06	0.000319047877449003	29.3536469199131	0.71108187958427	0.00152201528422393	0.00663985705609032	4.70726376564103e-05	2.61514653646724e-06	0	3.92271980470086e-05	0	0.00166584834372963	0.000334738756667806	0.0032166302398547	4.4457491119943e-05	1.64033497411986	1.78837057410966	0.00203196885883504	21.3732317523247	0.00597299468929117
"Re M37 30' B"	0	0.0229205207552385	0.00207681819034286	0.000109085399896797	4.19559230372295e-06	0	0	2.51735538223377e-05	0	0.437503778655319	0	32.0512498312847	0.177137907063183	0.127541810440874	0.206129449881909	7.15815037648938	0.000516057853357923	0.0104973719439148	0.0525372068272188	5.09129252227555	0.00306697797402148	0.0233988182778629	1.30519841858057	0.146753427599621	0	0.000486688707231863	25.8636532356387	0.65008185390805	0.000130063361415412	0.00799679893089595	1.67823692148918e-05	1.25867769111689e-05	0	1.67823692148918e-05	0	0.00163208540614823	0.000373407715031343	0.00308376034323637	2.51735538223377e-05	1.42098837497871	1.95183569120726	0.00186703857515671	23.2749937622031	0.00669616531674184
"Re M38 0h K"	0	0.0193323486386261	0.00219585105649861	6.32810102737353e-05	0	0	0	0	0	0.293623887670132	0	41.5681439344297	0.11781658492764	0.107103109888297	0.152273095021689	11.4917808409021	0.000386014162669785	0.00988449380475745	0.0319822225923458	3.92237850030207	0.00265780243149688	0.0234329581043642	1.15474554737409	0.0835246054603032	0	0.000303748849313929	14.2830239387632	0.421400903614858	9.49215154106029e-05	0.00763168983901248	7.59372123284824e-05	0	0	0	0	0.00143015083218642	0.000556872890408871	0.00289827027053708	3.79686061642412e-05	1.48927428008517	1.78370183658578	0.00108843337670825	23.0207582596431	0.00639771013867464
"Re M39 0h B"	0	0.0168168511753056	0.00154621039786749	4.64153215119698e-05	0	0	0	2.90095759449811e-06	0	0.532546191367586	0	27.6380380057936	0.200261805620988	0.135819933616807	0.287731479010295	9.67930900118405	0.000365520656906762	0.0101997669022554	0.0652106257667231	4.80833431192303	0.00736263037483621	0.0436420060516296	1.5617073133373	0.292390416907059	2.90095759449811e-06	0.000269789056288325	28.9078915793788	0.905673159087122	0.00112847250425977	0.00594116115353214	4.64153215119698e-05	0	0	2.03067031614868e-05	0	0.00106465143718081	0.000385827360068249	0.00246871491291789	1.16038303779925e-05	2.01494422502891	1.7664481974842	0.00155491327065099	21.1048291196731	0.00598757647504411
"Re M4 30'"	0	0.0276138994228271	0.00170833579393629	0.000136666863514903	0	0	0	1.07894892248608e-05	3.59649640828693e-06	0.414061034989666	3.59649640828693e-06	27.844582298951	0.165845238875335	0.298832886564561	0.307827724081687	15.8648865352138	0.000532281468426466	0.0261609148738791	0.0670602720289181	5.66679439024245	0.011706595808974	0.0381264584242498	2.42229787492378	0.176382973351616	0	0.000557456943284474	20.2735941133698	0.896013132678565	0.000751667749331969	0.0103183481953752	4.67544533077301e-05	3.59649640828693e-06	0	1.79824820414347e-05	0	0.00194210806047494	0.000543070957651327	0.00435895364684376	6.47369353491648e-05	2.8112517684872	2.74925536340115	0.00374035626461841	19.9013027876659	0.0116634378520745
"Re M40 2h K"	5.46817368439774e-06	0.0217824698717984	0.00196307435269879	3.82772157907842e-05	0	0	0	1.09363473687955e-05	2.73408684219887e-06	0.486394049227179	0	24.9115584423503	0.184925431745805	0.1355806324178	0.191932896322361	11.0191710615062	0.000514008326333388	0.0161994645400283	0.0613802496073646	5.50948026840968	0.0100040237556057	0.0503536773727766	1.80639750620658	0.222705043731309	0	0.000431985721067421	28.7988831145886	0.77149642287115	0.00161584532373953	0.00805188575027567	2.1872694737591e-05	2.73408684219887e-06	0	2.73408684219887e-05	0	0.00154202497900016	0.000377303984223444	0.00414214156593129	4.1011302632983e-05	2.31886927573465	2.38713942418436	0.00152562045794697	21.0654774701265	0.00995481019244608
"Re M41 2h B"	0	0.0294256988748831	0.00255812447615679	0.000101743587119872	0	0	0	7.26739907999088e-06	7.26739907999088e-06	0.372476005046773	0	39.1593770414578	0.148843600557293	0.155471468518245	0.18332014179277	7.07003832317557	0.000719472508919097	0.0138371278483026	0.0470854786392609	5.39308598546767	0.00313951640255606	0.0315477794062404	1.65632745911888	0.108509535663344	0	0.000305230761359617	23.0917608697216	0.658419089248094	0.000145347981599818	0.0090842488499886	2.18021972399726e-05	0	0	7.26739907999088e-06	0	0.00170057138471787	0.000428776545719462	0.00430956765443459	2.18021972399726e-05	1.41254982437967	2.17302499890807	0.00146801461415816	18.2604957049308	0.010377845886227
"Re M42 2h K gef채llt"	0	0.00969018544183738	0.00106011200051546	6.03057724844121e-05	0	0	0	1.26959521019815e-05	0	0.569092878983296	0	19.4050327706329	0.371547038264489	0.163390555576451	1.4973732868598	14.3634321030797	0.000152351425223778	0.0129466971559956	0.062483128269902	5.20219811366718	0.013762412078548	0.0476415602626856	3.7273982296447	0.239537702296111	0	0.000120611544968824	32.7132852505887	0.486924676979271	0.000676059449430515	0.005151382565379	0	0	0	0	0	0.000834758850705284	0.000241223089937649	0.00151716627618679	1.26959521019815e-05	5.42634832201569	2.34529149191879	0.00134577092281004	13.327813768157	0.00362469432511572
"Re M43 2h B"	3.52120487179821e-06	0.0181905443677096	0.00205286244025836	7.39453023077625e-05	0	0	0	3.52120487179821e-06	7.04240974359642e-06	0.454358670632482	0	30.5057788253754	0.174694016099653	0.148383573297577	0.264555164427943	11.7682293656514	0.0003943749456414	0.0149052602223218	0.0648148180751897	4.97601883422062	0.0104157240107791	0.0559695514372326	2.72162023312489	0.190507747178899	7.04240974359642e-06	0.000299302414102848	24.5484213206138	0.783341320599718	0.000929598086154728	0.00714100348000677	2.11272292307893e-05	0	0	1.40848194871928e-05	0	0.00170426315795033	0.000348599282308023	0.00282752751205396	1.76060243589911e-05	2.40768721277972	2.35801709685813	0.00144721520230907	18.5099317344011	0.00686634950000651
"Re M44 0h K"	2.54571693944236e-06	0.0215393110246218	0.00189146768600567	0.000124740130032676	0	0	0	5.09143387888472e-06	2.54571693944236e-06	0.337931195126276	2.54571693944236e-06	30.9504956065381	0.250638561272797	0.164402399949188	0.216449582776086	15.503624909993	0.000491323369312375	0.014950995585345	0.0538317304014481	5.22149710303777	0.00562094300228873	0.0437812399245297	1.94651117767029	0.214326454848592	2.54571693944236e-06	0.000392040408674123	27.2409939853619	0.314841542485534	0.00232678528265032	0.00701599588510314	3.30943202127507e-05	0	0	1.52743016366542e-05	0	0.0021154907766766	0.000341126069885276	0.00338325781251889	1.78200185760965e-05	2.27889270986859	2.12121863979034	0.00156307020081761	13.0716124176508	0.00711273312880195
"Re M45 0h K gef채llt"	0	0.0123352367459163	0.00117000890543921	1.85715699276065e-05	0	0	0	0	0	0.468033276687569	0	26.1223728285749	0.177157919853424	0.172529884627465	0.211333322834206	14.0606915933783	0.000237716095073364	0.00844263568908993	0.0454112027869835	3.84169638365476	0.00622147592574819	0.0447277690136476	1.64219849947658	0.217569656015896	0	0.000204287269203672	29.363676356668	0.687471232638182	0.00161944089768729	0.00368831378762266	2.60001978986492e-05	0	0	1.85715699276065e-05	0	0.0022137311353707	0.000345431200653482	0.00356945574008598	4.45717678262557e-05	2.19542699605005	1.4669534513257	0.000854292216669901	19.2344932591144	0.00724662658575207
"Re M46 0h K ohne Narkose gef채llt"	0	0.0121216123750795	0.000710577277159831	0	0	0	0	0	0	3.36955744829192	0	6.20175128039756	0.064829726874994	0.0540038730641472	0.0642027469245589	1.89205829575982	0.000167194653449372	0.013166578959138	0.0645789348948199	19.4130548093333	0.00221532915820418	0.198543650971129	0.727672930475029	0.0309728095514962	0	0.000208993316811715	58.7664545663159	0.428227306147204	0.000376187970261087	0.00543382623710459	0	0	0	0	0	0.0011703625741456	0.00041798663362343	0.00372008103924853	0.000125395990087029	0.510612471634382	1.52335228624059	0.00183914118794309	6.6440229374345	0.00443065831640836
"Re M47 10' gef채llt"	0	0.0108385815389092	0.00126604513702358	7.94035277575764e-05	0	0	0	0	0	0.598129129369433	0	21.0677365909719	0.297163291325632	0.17197039589452	1.21937350793052	17.3285362427256	0.000216154047784514	0.011619382895192	0.0728836158672599	4.96444089461661	0.00310556019674077	0.0342802674557848	2.55978004869907	0.239370757039409	0	0.000119105291636365	32.6114920372819	0.555043892946752	0.00103224586084849	0.00477303427964987	8.82261419528627e-06	0	0	0	0	0.00103665716794614	0.000277912347151517	0.00198949950103705	4.41130709764314e-06	3.76797971575125	1.88040346520524	0.00107635893182493	12.58979987576	0.00417309651437041
"Re M48 10' K"	0	0.0206684190762298	0.00189861058956065	4.80660908749531e-05	0	0	0	6.00826135936913e-06	0	0.381446488922268	0	31.437158092377	0.173110026286143	0.162295155839279	0.150585054449869	6.46382576042058	0.000594817874577544	0.0168291400675929	0.0459992489673301	4.88082313180623	0.00368306421329328	0.0337844536237326	2.60607134810364	0.115358618099887	6.00826135936913e-06	0.00027638002253098	24.0110792339467	0.505949680811115	0.00021028914757792	0.00824934284641382	6.00826135936913e-05	0	0	6.00826135936913e-06	0	0.00142996620352985	0.000390536988358994	0.00305820503191889	0.000108148704468644	0.947719113781449	2.25280360495682	0.00131580923770184	25.7658159969959	0.00733608711978971
"Re M49 10' K"	2.65073525299227e-06	0.0176114850208806	0.001715025708686	3.9761028794884e-05	0	0	0	2.65073525299227e-06	5.30147050598454e-06	0.395630188714855	0	21.2282462772677	0.199383004259573	0.142010490443808	0.144777858047932	20.6794513041644	0.00039761028794884	0.021958690835788	0.0425999662508388	5.17006825802321	0.00799991899353067	0.0449644220965079	3.07153152219903	0.179369953099481	2.65073525299227e-06	0.000262422790046235	22.2957768857052	0.580298961585068	0.00127500365668928	0.00806353663960248	3.9761028794884e-05	0	0	1.32536762649613e-05	0	0.00164345585685521	0.000379055141177895	0.00294231613082142	2.12058820239382e-05	1.68620426428021	2.56414898595328	0.00143404777186882	21.5027908796258	0.00693697415708077
"Re M5 1h"	2.9742838363229e-06	0.0265603546583635	0.00243296417811213	9.81513665986557e-05	0	0	0	8.9228515089687e-06	5.9485676726458e-06	0.409225764471995	8.9228515089687e-06	35.381902059867	0.141382582159609	0.136927104972797	0.195606750779612	14.2886023153194	0.000675162430845298	0.0200347759214711	0.0679058742670881	5.77222238399021	0.00940765977428933	0.0512915247573884	2.66516354293002	0.135508371582871	5.9485676726458e-06	0.000440194007775789	21.661738922778	0.759742140298813	0.00894367149582296	0.00998467083853597	4.16399737085206e-05	0	0	2.37942706905832e-05	0	0.00319140655637447	0.000449116859284758	0.00416994593852471	2.67685545269061e-05	1.93192822018052	2.7157739566889	0.00121350780521974	13.5890745512869	0.00827743191648663
"Re M50 0h K gef채llt"	9.08352831126854e-06	0.0141612206372676	0.00142308610209874	8.47795975718396e-05	0	0	0	6.05568554084569e-06	0	0.51048217972221	0	19.9548554698615	0.240410715971574	0.147846534636977	0.375125496513227	21.698102638662	0.000369396817991587	0.00915619653775868	0.0599664260682244	4.9682691161188	0.00540469934520478	0.0465621661235625	2.49078218686186	0.226082963981933	0	0.000254338792715519	32.4202964294406	0.459678005877285	0.000950742629912773	0.00463562728151738	2.42227421633828e-05	0	0	1.21113710816914e-05	0	0.00214068483868895	0.000323979176435244	0.00213462915314811	2.42227421633828e-05	3.16339626341191	1.5967722469385	0.00123535985033252	11.5942155365032	0.00480518647666105
"Re M6 1h"	6.78662985055705e-06	0.025633100945554	0.00228709425963773	0.000176452376114483	0	0	0	0	6.78662985055705e-06	0.362725005622723	0	37.8306496962915	0.120184428023515	0.23768813725606	0.233398987190508	14.0557890834887	0.000536143758194007	0.0214457503277603	0.0537772549358141	5.1814154385242	0.00775711791918671	0.044187746956977	1.64600205743471	0.152135881359937	6.78662985055705e-06	0.000420771050734537	16.5726107635678	0.632052411242079	0.00291146420588898	0.00910087062959701	0	0	0	6.78662985055705e-06	0	0.0019274028775582	0.000380051271631195	0.00436380299390818	1.35732597011141e-05	2.05261619830098	2.18655712503157	0.00219886807158049	18.5481376333963	0.0108925409101441
"Re M7 K"	0	0.0184699176383533	0.00185074963110661	0.000112736018138474	0	0	0	0	4.69733408910307e-06	0.4108523261034	0	30.9262189264891	0.144814112632959	0.146317259541472	0.353958215616184	14.8123196605368	0.000685810777009049	0.00903297345334521	0.0529295605160134	4.83647851949048	0.00372968326674784	0.0279021644892723	1.90905294182056	0.158394105484556	0	0.000403970731662864	23.4841150957709	0.839282076368224	4.69733408910307e-06	0.00606425830903207	4.69733408910307e-06	0	0	2.81840045346184e-05	0	0.00165815893345338	0.000310024049880803	0.00280430845119453	9.39466817820614e-06	2.26374394155464	1.60442612880813	0.00170513227434442	17.9760305375568	0.00628503301121991
"Re M8 2h"	4.1965999650675e-06	0.0226868194111549	0.00228295038099672	7.5538799371215e-05	0	0	0	8.393199930135e-06	4.1965999650675e-06	0.410242826185139	0	33.7685501259106	0.157057753692651	0.164531898230436	0.210018845251803	17.0739634796763	0.000528771595598505	0.0138949424843385	0.0642919114648341	5.22175379773412	0.00686144094288536	0.0527260819611081	1.69515780348951	0.184104840467511	4.1965999650675e-06	0.00035251439706567	23.1952794629225	0.690470788852521	0.00224518098131111	0.00784344533471116	2.09829998253375e-05	0	0	4.1965999650675e-06	0	0.0020017781833372	0.000461625996157425	0.00409588156590588	2.09829998253375e-05	1.91433362986509	2.00944956807334	0.00138068138850721	13.1153443054279	0.00794416373387278
"Re M9 1h K"	0	0.0236425450233321	0.00226956718328849	0.000204993164942186	0	0	0	2.44039482074031e-05	9.76157928296124e-06	0.384650150855446	0	40.7944939616823	0.1329136635168	0.182717241018469	0.223925747961489	11.8823507132396	0.00055152922948731	0.0120799543626645	0.0637968014037932	5.01577764059505	0.00252824903428696	0.0346877719820028	1.58278151125647	0.122600555004352	0	0.000434390278091775	20.2591816438578	0.662542789882787	0.000258681850998473	0.00724309182795724	4.88078964148062e-05	0	0	4.88078964148062e-06	0	0.00252824903428696	0.000434390278091775	0.00338238722154607	2.44039482074031e-05	1.45816030934054	1.68539523267896	0.00163506452989601	15.4495539153499	0.00716499919369355
"RNA Mausohr 1 -0h"	3.54004882010527e-06	0.016174483059061	0.00167444309190979	4.24805858412632e-05	0	0	0	7.08009764021054e-06	3.54004882010527e-06	0.5629491835196	0	29.930287942615	0.244858096789041	0.203032419979497	0.355764286274119	7.91700058177162	0.000421265809592527	0.00739516198519991	0.0630730498278156	4.84604717086732	0.00505518971511032	0.0415743333433163	1.54477110362934	0.285929743199903	0	0.000258423563867685	33.5296927612869	0.894938501917892	0.00209924895032242	0.00456312292911569	1.77002441005263e-05	0	0	1.41601952804211e-05	0	0.00117175615945484	0.000230103173306842	0.00317188374281432	1.41601952804211e-05	1.61613494779384	1.42960977546249	0.00202844797392032	16.4835187009097	0.00647120924315243
"RNA Mausohr 10 - 1h"	1.66923274106545e-05	0.0265018518189824	0.00267077238570471	0.000116846291874581	0	0	0	1.66923274106545e-05	1.66923274106545e-05	0.399619882320205	0	32.475401490814	0.171981049311973	0.241549105850444	0.267327623481631	10.9930716269438	0.000701077751247487	0.0105495509235336	0.0445963347321318	5.1496887242605	0.00418977418007427	0.0362501710268046	1.74703567912651	0.123211632727177	5.56410913688482e-06	0.00046182105836144	23.9249737749626	0.718215207389092	0.000422872294403246	0.00728341886018223	2.78205456844241e-05	0	0	2.78205456844241e-05	0	0.00225346420043835	0.000383923530445053	0.00477400563944718	5.56410913688482e-05	1.86038771046312	1.78529449355173	0.00203089983496296	19.9887783046927	0.0101099863017197
"RNA Mausohr 2 -0h"	0	0.0175451263956153	0.00179233569316249	5.11122345958884e-05	0	0	0	6.81496461278513e-06	0	0.248858655282768	0	42.2384350987579	0.239668675502427	0.21883873616345	0.11175178972045	15.1024795192424	0.000507714863652492	0.0128768756358575	0.021153650158085	4.26162908117137	0.00269531850435652	0.0164036198229738	1.6497018912992	0.25442988885372	3.40748230639256e-06	0.000306673407575331	18.866254990556	0.134081021274241	0.00111765419649676	0.00685244691815544	4.08897876767107e-05	0	0	3.06673407575331e-05	0	0.00120624873646297	0.000245338726060265	0.0024295348844579	4.08897876767108e-05	1.25728259896581	2.18826469227147	0.00139706774562095	13.1348493063099	0.00677066734280202
"RNA Mausohr 3 unbestrahlt- li"	7.50832062706491e-06	0.012903048997611	0.00124262706377924	3.37874428217921e-05	0	0	0	0	0	0.497651491161862	3.75416031353245e-06	24.8832615694305	0.217020499404684	0.165603519750544	0.26213048973209	9.71132196561076	0.000266545382260804	0.0063970891742593	0.0539735628276561	4.6337037625884	0.00830044845322025	0.0454253397937427	1.59531916275468	0.295880390950747	0	0.000210232977557817	33.8261219355024	0.913533616534673	0.00130644778910929	0.00384801432137076	1.12624809405974e-05	0	0	7.50832062706491e-06	0	0.00084093191023127	0.000210232977557817	0.00194840920272334	1.12624809405974e-05	1.67931099144934	1.36176158716888	0.00165183053795428	19.813005274783	0.00577389856221291
"RNA Mausohr 4 unbestrahlt- li"	0	0.0101012404975024	0.00162923233830684	0	0	0	0	0	0	2.28385789183852	0	8.78058476407086	0.109158566666558	0.073641301691469	0.0909111644775215	4.62441306905012	0	0.0117304728358092	0.0338880326367822	10.0797346306367	0.00228092527362957	0.341812944576774	1.906201835819	0.0498545095521892	0	0.000325846467661367	56.854995063426	0.767042584874859	0.000651692935322735	0.0019550788059682	0	0	0	0	0	0.00228092527362957	0.00162923233830684	0.00423600407959778	0	0.802885696317609	1.53669194149101	0.000651692935322735	11.6242468873516	0.00260677174129094
"RNA Mausohr 5 - 10min"	1.0301643805831e-05	0.0247582839466806	0.00206719652370343	7.21115066408173e-05	0	0	0	6.8677625372207e-06	3.43388126861035e-06	0.543343033132215	0	26.8072774657791	0.214648484219564	0.223161075884449	0.382359245378494	9.21279096048612	0.000566590409320708	0.0101230819798633	0.0694365131325699	5.59245680675277	0.00764038582265803	0.0566109665943102	1.88329844624427	0.278965080380636	0	0.0003983302271588	31.2054612722406	0.958482109100864	0.00191610574788457	0.00664799413602963	3.09049314174931e-05	3.43388126861035e-06	0	2.06032876116621e-05	0	0.00144909789535357	0.000415499633501852	0.00333429871182065	3.43388126861035e-05	1.85125003236433	1.8554977434936	0.00206719652370343	18.7945249922343	0.00886971531682053
"RNA Mausohr 6 - 10min"	0	0.0214812730155981	0.00195862064343404	5.19987781442664e-05	0	0	0	0	1.73329260480888e-05	0.412460085882338	0	29.0163466247795	0.193707003871425	0.184659216474322	0.210057730776788	12.2479944215711	0.000623985337731197	0.00808292118042542	0.0389297519040075	4.30923118708762	0.00308526083655981	0.0294313084296548	1.49290803108995	0.147682307571733	0	0.00044487843523428	23.5142519117784	0.553243888886931	0.000190662186528977	0.00628029687142418	6.93317041923553e-05	0	0	0	0	0.00129996945360666	0.000329325594913688	0.00285415515591863	4.04434941122072e-05	1.53938916110891	1.40453899645478	0.00209728405181875	24.6482585984746	0.008002034192201
"RNA Mausohr 7 - 30min"	6.13186671345281e-06	0.016798248861504	0.00150537327815266	5.82527337778017e-05	0	0	0	1.22637334269056e-05	6.13186671345281e-06	0.432689042768084	0	25.7833406072602	0.224171849243765	0.221657783891249	0.363408146706137	16.3294676512605	0.000410835069801338	0.011889689557385	0.0560268661608183	4.58353970897241	0.00664081165066939	0.0442567480043457	1.56504553907463	0.233305264713452	0	0.000291263668889008	28.1176594848711	0.922953248042133	0.00242821921852731	0.00535925150755776	1.5329666783632e-05	0	0	6.13186671345281e-06	3.0659333567264e-06	0.00128462607646836	0.00034951640266681	0.00296782348931116	3.0659333567264e-05	2.03995248416484	1.60194098108948	0.00198059294844526	17.4200998605154	0.00844051453106779
"RNA Mausohr 8 - 30min"	0	0.0212508374551209	0.00224307904968841	7.00962203027627e-05	0	0	0	0	0	0.45098350449013	0	33.4553526797863	0.196779561562161	0.23954993865023	0.352486632261365	7.91190447224789	0.000471202369813016	0.00941625892733779	0.0466762942527174	4.82996448302402	0.00354764759421205	0.0331009929207491	1.56489032979025	0.166747225396889	0	0.000443942728584164	28.0768151766729	0.943709308170556	0.000346586867052549	0.00611394810418541	1.55769378450584e-05	0	0	1.9471172306323e-05	0	0.00155769378450584	0.000334904163668755	0.00310370486562788	5.84135169189689e-05	1.76543951031092	1.70884849511982	0.00187702101032953	18.1958027317899	0.0100782787857528
"RNA Mausohr 9 - 1h"	0	0.020303302613071	0.0018049480098192	2.83499687406157e-05	0	0	0	2.36249739505131e-06	7.08749218515393e-06	0.45488942342755	0	24.7752077822365	0.204169387377729	0.203900062674693	0.524951646175191	13.6656322944322	0.00048667446338057	0.00995556402274622	0.0742249431577221	4.77116271419671	0.0099272140540056	0.05594157581742	1.82870292112644	0.206921696842964	2.36249739505131e-06	0.000356737106652748	27.9360686469923	1.0503710668346	0.00472026979531252	0.00563928128198748	1.41749843703079e-05	2.36249739505131e-06	0	9.44998958020524e-06	0	0.00150254834325263	0.00043233702329439	0.00403987054553774	9.44998958020524e-06	3.03892528670501	1.86425850692196	0.00155452328594376	19.2744302725313	0.00944290208802009
"Seq Control NL10"	0	0.00632535074069857	0	0.00253014029627943	0	0	0	0	0	0.187230381924678	0	46.6962693081331	0.164459119258163	0.757777018735689	0.79825926347616	2.66423773198224	0.00126507014813971	0	0.0784343491846623	4.77563980922742	0	0.035421964147912	1.45736081065695	0.183435171480259	0	0	11.7018988702924	0.57687198755171	0	0.00126507014813971	0	0	0	0	0	0.00126507014813971	0.00506028059255886	0.00506028059255886	0	0.480726656293091	1.47507179273091	0.00253014029627943	27.9365440813693	0.00506028059255886
"Seq Control NL12"	0	0.0163619547515409	0.00160903528869529	4.52669774313254e-05	0	0	0	0	0	0.605034305167328	0	20.6898193538962	0.306831918568823	0.155417994240806	0.330893374663455	13.659088220195	0.000440324235013801	0.0194853761943023	0.05312697078531	6.03586584925479	0.0130739261181201	0.0548388855681674	4.23898906493857	0.256877751383472	0	0.000193413449024754	31.5716673988257	0.411616740962808	0.00130451198597547	0.00717275833298183	1.23455392994524e-05	0	0	8.23035953296825e-06	0	0.00162549600776123	0.000333329561085214	0.00273659454471194	6.17276964972619e-05	2.77225257738853	2.74139284431966	0.00168310852449201	16.0440077324228	0.00613161785206135
"Seq Control NL5"	0	0.0166255472609142	0.0015363804746739	9.15459868329009e-05	0	0	0	0	0	0.399952475692053	0	23.8910785848662	0.263353922556473	0.113509063152203	0.230214275322963	22.8583085048013	0.000334341864954942	0.0112999589834176	0.0422226012314527	5.22113430652024	0.00722815269950209	0.040598655030243	2.70266838640447	0.251329556198987	7.9605205941653e-06	0.000314440563469529	25.8684002557715	0.322635919421222	0.00107069001991523	0.0062171665840431	1.99013014854132e-05	0	0	7.9605205941653e-06	0	0.0027065770020162	0.000286578741389951	0.00256726789161831	1.59210411883306e-05	2.82235879379804	2.05378247121227	0.00140503188487017	12.8608180589186	0.00589874576027649
"Seq Control NL6"	0	0.0091170652379024	0.00275632204866817	0.00127214863784685	0	0	0	0	0	0.152445811768647	0	41.4781943122234	0.187429899309435	0.827532688919373	0.820641883797703	2.38898912948989	0.000636074318923423	0.00752687944059384	0.0963652593168986	3.98065910020927	0.00265030966218093	0.0410267935705608	1.9004840525567	0.121596207300861	0	0	10.4568497783281	0.741132593932275	0.000212024772974474	0.00848099091897897	0	0	0	0	0	0.00137816102433408	0	0.000848099091897897	0	0.406663514565042	1.53325714576491	0.0037104335270533	34.8173300568438	0.0108132634216982
"Seq Control NL7"	4.53143818921192e-06	0.0176726089379265	0.00187148397214452	0.000412360875218285	0	1.81257527568477e-05	0	6.79715728381788e-05	1.81257527568477e-05	0.329612282445086	0	43.671092084307	0.194516515710111	0.656061621034102	1.14044064339353	4.29876243251046	0.000421423751596709	0.0147407684295064	0.207408457358419	7.07921212246719	0.00314028666512386	0.0445213802090072	2.35615300654806	0.290474250804863	4.53143818921192e-06	0.000267354853163503	17.2355970389589	0.877141427409374	0.00220227895995699	0.00789376532560717	1.81257527568477e-05	0	0	8.60973255950266e-05	0	0.00101051071619426	0.000403297998839861	0.00297262345212302	4.53143818921192e-06	0.837464154624634	2.37815767039488	0.00384265958445171	18.3321688292427	0.0141426185885304
"Seq Control NL8"	0	0.0138100166189532	0.00143291901760567	0.000332271076546243	0	0	0	2.07669422841402e-05	0	0.458392870426283	4.15338845682804e-06	38.208910206109	0.242724021417031	0.817100264500237	1.50303236814539	3.1624065845827	0.000294890580434791	0.0103502440344155	0.268753306875972	6.01016907322993	0.00213068827835278	0.0324462706247406	1.78559153825186	0.351492958324443	4.15338845682804e-06	0.000120448265248013	25.0538497196899	0.817727426157218	0.00156582744822417	0.00630069028900814	8.30677691365608e-06	4.15338845682804e-06	0	8.30677691365608e-06	0	0.000838984468279264	0.000236743142039198	0.00164889521736073	4.15338845682804e-06	0.799095325539887	2.13873754518212	0.00592688532789361	18.2900607711339	0.0144662519951321
"Seq Control NL9"	0	0.0160047634766461	0.0015820329582549	0.000401656036033629	0	0	0	2.45911858796099e-05	8.19706195986997e-06	0.371810533437742	0	40.5749402864529	0.251272737317854	0.814591229324038	1.55671633239185	3.37501320751608	0.000385261912113889	0.012291494408825	0.259773090570239	6.05988707891385	0.00325833212904831	0.0501537236014644	1.97409843179549	0.304070013401377	0	0.000217222141936554	21.06926902618	0.954215884217483	0.00184024040999081	0.00700438944470889	4.09853097993499e-05	0	0	4.09853097993499e-06	0	0.000991844497144266	0.000393458974073759	0.00224599497700437	0	0.812767383037967	2.22081360266365	0.00515595197275821	19.2823668983621	0.01639002538876
